Source_Database_Code,PlanNumber,PlanName,PlanType,Carrier_Name,tbl_Refresh_Date
RADD,100000,COMMERCIAL HMO,HMO,COMMERCIAL,2026-05-01
RADJ,100004,HUMANA MCRASSIGN,MCRASSIGN,HUMANA,2026-05-01
RADN,100012,BCBS EPO,EPO,BCBS,2026-05-01
PXP,100015,AETNA EPO,EPO,AETNA,2026-05-01
RASFA,100018,COMMERCIAL TPA,TPA,COMMERCIAL,2026-05-01
RADB,100027,UNITED HMO,HMO,UNITED,2026-05-01
SMED,100034,UNITED PPO,PPO,UNITED,2026-05-01
RADJ,100039,COMMERCIAL COMM,COMM,COMMERCIAL,2026-05-01
RADT,100045,MEDICARE POS,POS,MEDICARE,2026-05-01
TRI,100051,CIGNA MCRASSIGN,MCRASSIGN,CIGNA,2026-05-01
NRAA,100058,HUMANA EPO,EPO,HUMANA,2026-05-01
RADI2,100059,UNITED POS,POS,UNITED,2026-05-01
RADI,100065,CIGNA PPO,PPO,CIGNA,2026-05-01
RADG,100074,BCBS HMO,HMO,BCBS,2026-05-01
GSIA,100080,MEDICARE HDHP,HDHP,MEDICARE,2026-05-01
RADQ,100089,MOLINA PPO,PPO,MOLINA,2026-05-01
ACR,100098,MEDICARE COMM,COMM,MEDICARE,2026-05-01
RADS2,100099,MEDICARE MCDASSIGN,MCDASSIGN,MEDICARE,2026-05-01
RADA,100103,BCBS TPA,TPA,BCBS,2026-05-01
RADI,100111,UNITED HDHP,HDHP,UNITED,2026-05-01
RADE,100119,MEDICAID INDEMNITY,INDEMNITY,MEDICAID,2026-05-01
WRAD,100122,BCBS POS,POS,BCBS,2026-05-01
RADL,100125,AETNA INDEMNITY,INDEMNITY,AETNA,2026-05-01
RADK,100128,UNITED MCRASSIGN,MCRASSIGN,UNITED,2026-05-01
RADO,100136,MAGELLAN INDEMNITY,INDEMNITY,MAGELLAN,2026-05-01
SAPA,100137,CIGNA PPO,PPO,CIGNA,2026-05-01
RADY,100146,UNITED PPO,PPO,UNITED,2026-05-01
ESR,100154,AETNA INDEMNITY,INDEMNITY,AETNA,2026-05-01
RADX,100161,HUMANA INDEMNITY,INDEMNITY,HUMANA,2026-05-01
SAPA,100166,CIGNA HMO,HMO,CIGNA,2026-05-01
RADI,100174,BCBS EPO,EPO,BCBS,2026-05-01
CRC,100181,HUMANA EPO,EPO,HUMANA,2026-05-01
RADZ,100189,COMMERCIAL HDHP,HDHP,COMMERCIAL,2026-05-01
RADD,100191,CIGNA HMO,HMO,CIGNA,2026-05-01
RADI,100197,BCBS TPA,TPA,BCBS,2026-05-01
RADU,100204,AETNA PPO,PPO,AETNA,2026-05-01
RADI,100209,MEDICAID HDHP,HDHP,MEDICAID,2026-05-01
RADI,100217,HUMANA INDEMNITY,INDEMNITY,HUMANA,2026-05-01
RADI2,100218,MEDICARE POS,POS,MEDICARE,2026-05-01
RADU,100221,MEDICAID MCRASSIGN,MCRASSIGN,MEDICAID,2026-05-01
RASFA,100227,MEDICARE POS,POS,MEDICARE,2026-05-01
RADZ,100232,AETNA MCRASSIGN,MCRASSIGN,AETNA,2026-05-01
RADG,100233,COMMERCIAL INDEMNITY,INDEMNITY,COMMERCIAL,2026-05-01
MRB,100235,AETNA EPO,EPO,AETNA,2026-05-01
PMR,100237,COVENTRY TPA,TPA,COVENTRY,2026-05-01
NRAA,100242,BCBS EPO,EPO,BCBS,2026-05-01
RADU,100249,BCBS HMO,HMO,BCBS,2026-05-01
RADX,100256,AETNA PPO,PPO,AETNA,2026-05-01
RADH,100261,AETNA MCDASSIGN,MCDASSIGN,AETNA,2026-05-01
PXP,100268,MEDICARE PPO,PPO,MEDICARE,2026-05-01
RADK,100276,MEDICARE EPO,EPO,MEDICARE,2026-05-01
SMED,100277,MAGELLAN INDEMNITY,INDEMNITY,MAGELLAN,2026-05-01
GRH,100286,BCBS POS,POS,BCBS,2026-05-01
MRB,100294,MEDICARE HMO,HMO,MEDICARE,2026-05-01
RADK,100303,AETNA TPA,TPA,AETNA,2026-05-01
RADR,100308,CIGNA MCRASSIGN,MCRASSIGN,CIGNA,2026-05-01
RADP,100309,BCBS INDEMNITY,INDEMNITY,BCBS,2026-05-01
RADS,100313,BCBS POS,POS,BCBS,2026-05-01
RADN,100316,AETNA POS,POS,AETNA,2026-05-01
RADC,100321,MEDICARE COMM,COMM,MEDICARE,2026-05-01
RADL,100327,COMMERCIAL INDEMNITY,INDEMNITY,COMMERCIAL,2026-05-01
RADG,100336,MEDICAID TPA,TPA,MEDICAID,2026-05-01
RADZ,100337,MOLINA COMM,COMM,MOLINA,2026-05-01
CIRPA,100343,BCBS POS,POS,BCBS,2026-05-01
RADY,100351,MEDICARE COMM,COMM,MEDICARE,2026-05-01
WRAD,100353,BRIGHT HEALTH PPO,PPO,BRIGHT HEALTH,2026-05-01
RADS,100361,BCBS HDHP,HDHP,BCBS,2026-05-01
SAPA,100364,HUMANA EPO,EPO,HUMANA,2026-05-01
RADR,100368,COVENTRY EPO,EPO,COVENTRY,2026-05-01
SMED,100374,CIGNA TPA,TPA,CIGNA,2026-05-01
RADO,100383,BCBS INDEMNITY,INDEMNITY,BCBS,2026-05-01
MRB,100384,COMMERCIAL HDHP,HDHP,COMMERCIAL,2026-05-01
RASFA,100388,MEDICARE INDEMNITY,INDEMNITY,MEDICARE,2026-05-01
RADM,100393,BCBS EPO,EPO,BCBS,2026-05-01
CRC,100399,UNITED MCRASSIGN,MCRASSIGN,UNITED,2026-05-01
RADF,100404,BCBS MCRASSIGN,MCRASSIGN,BCBS,2026-05-01
RADS2,100410,MEDICARE HDHP,HDHP,MEDICARE,2026-05-01
RADZ,100419,HUMANA HMO,HMO,HUMANA,2026-05-01
RADO,100422,CIGNA MCDASSIGN,MCDASSIGN,CIGNA,2026-05-01
GSIA,100424,BCBS PPO,PPO,BCBS,2026-05-01
RADS,100426,CIGNA MCRASSIGN,MCRASSIGN,CIGNA,2026-05-01
RADH,100429,AETNA TPA,TPA,AETNA,2026-05-01
TRI,100437,MEDICARE HMO,HMO,MEDICARE,2026-05-01
RADU,100439,BCBS PPO,PPO,BCBS,2026-05-01
SAPA,100441,UNITED MCDASSIGN,MCDASSIGN,UNITED,2026-05-01
PXP,100442,MAGELLAN PPO,PPO,MAGELLAN,2026-05-01
RADR,100449,BCBS INDEMNITY,INDEMNITY,BCBS,2026-05-01
RADO,100452,COMMERCIAL MCDASSIGN,MCDASSIGN,COMMERCIAL,2026-05-01
RADM,100457,BCBS TPA,TPA,BCBS,2026-05-01
RADG,100459,COMMERCIAL MCDASSIGN,MCDASSIGN,COMMERCIAL,2026-05-01
RADP,100463,AETNA HDHP,HDHP,AETNA,2026-05-01
RADS,100469,MEDICARE HMO,HMO,MEDICARE,2026-05-01
RADR,100477,UNITED HMO,HMO,UNITED,2026-05-01
RADS,100478,UNITED MCRASSIGN,MCRASSIGN,UNITED,2026-05-01
RADM,100484,CIGNA EPO,EPO,CIGNA,2026-05-01
RADH,100492,BCBS PPO,PPO,BCBS,2026-05-01
RASFA,100497,AETNA POS,POS,AETNA,2026-05-01
PMR,100500,BCBS TPA,TPA,BCBS,2026-05-01
MRB,100501,BCBS INDEMNITY,INDEMNITY,BCBS,2026-05-01
RADL,100502,WELLCARE POS,POS,WELLCARE,2026-05-01
ACRB,100511,MEDICAID EPO,EPO,MEDICAID,2026-05-01
RADL,100518,CIGNA HDHP,HDHP,CIGNA,2026-05-01
ACR,100519,UNITED MCDASSIGN,MCDASSIGN,UNITED,2026-05-01
RADL,100527,UNITED INDEMNITY,INDEMNITY,UNITED,2026-05-01
GRH,100534,MEDICARE INDEMNITY,INDEMNITY,MEDICARE,2026-05-01
RADI,100542,MEDICARE EPO,EPO,MEDICARE,2026-05-01
WRAD,100546,UNITED PPO,PPO,UNITED,2026-05-01
RADQ,100551,BRIGHT HEALTH INDEMNITY,INDEMNITY,BRIGHT HEALTH,2026-05-01
RADS,100560,CIGNA POS,POS,CIGNA,2026-05-01
NRA,100564,BCBS HMO,HMO,BCBS,2026-05-01
ESR,100572,UNITED MCDASSIGN,MCDASSIGN,UNITED,2026-05-01
ESR,100574,MEDICAID EPO,EPO,MEDICAID,2026-05-01
GRH,100579,HUMANA MCDASSIGN,MCDASSIGN,HUMANA,2026-05-01
RADS,100588,BCBS MCRASSIGN,MCRASSIGN,BCBS,2026-05-01
PXP,100596,HUMANA COMM,COMM,HUMANA,2026-05-01
PXP,100601,UNITED HMO,HMO,UNITED,2026-05-01
RADA,100603,BCBS HDHP,HDHP,BCBS,2026-05-01
RADL,100609,CIGNA COMM,COMM,CIGNA,2026-05-01
RADM,100616,BCBS COMM,COMM,BCBS,2026-05-01
RADL,100622,CIGNA MCDASSIGN,MCDASSIGN,CIGNA,2026-05-01
RADR,100626,CIGNA TPA,TPA,CIGNA,2026-05-01
RADP,100629,MEDICARE HDHP,HDHP,MEDICARE,2026-05-01
RADG,100636,AETNA EPO,EPO,AETNA,2026-05-01
ACR,100638,BCBS TPA,TPA,BCBS,2026-05-01
IAI,100639,MEDICAID EPO,EPO,MEDICAID,2026-05-01
RADB,100642,AETNA COMM,COMM,AETNA,2026-05-01
RADS,100647,HUMANA EPO,EPO,HUMANA,2026-05-01
RADR,100655,BCBS HMO,HMO,BCBS,2026-05-01
RADA,100658,CIGNA HMO,HMO,CIGNA,2026-05-01
RADM,100663,UNITED HDHP,HDHP,UNITED,2026-05-01
RADI,100668,COVENTRY MCDASSIGN,MCDASSIGN,COVENTRY,2026-05-01
RADR,100669,UNITED HDHP,HDHP,UNITED,2026-05-01
RADZ,100677,CENTENE POS,POS,CENTENE,2026-05-01
GSIA,100682,BCBS MCDASSIGN,MCDASSIGN,BCBS,2026-05-01
RADF,100687,HUMANA INDEMNITY,INDEMNITY,HUMANA,2026-05-01
RADB,100689,MEDICARE INDEMNITY,INDEMNITY,MEDICARE,2026-05-01
WRAD,100692,AETNA COMM,COMM,AETNA,2026-05-01
RADS2,100697,AETNA COMM,COMM,AETNA,2026-05-01
RADI,100702,AETNA INDEMNITY,INDEMNITY,AETNA,2026-05-01
RADK,100705,CIGNA TPA,TPA,CIGNA,2026-05-01
RADU,100711,MOLINA PPO,PPO,MOLINA,2026-05-01
WRAD,100717,COMMERCIAL HDHP,HDHP,COMMERCIAL,2026-05-01
TRI,100719,MEDICARE EPO,EPO,MEDICARE,2026-05-01
NRAA,100721,UNITED TPA,TPA,UNITED,2026-05-01
SAPA,100729,BCBS HDHP,HDHP,BCBS,2026-05-01
RADZ,100738,BCBS EPO,EPO,BCBS,2026-05-01
CIRPA,100747,UNITED TPA,TPA,UNITED,2026-05-01
RADB,100755,UNITED INDEMNITY,INDEMNITY,UNITED,2026-05-01
IAI,100757,AETNA EPO,EPO,AETNA,2026-05-01
RADX,100762,MEDICARE POS,POS,MEDICARE,2026-05-01
WRAD,100763,HUMANA MCDASSIGN,MCDASSIGN,HUMANA,2026-05-01
WRAD,100767,UNITED MCRASSIGN,MCRASSIGN,UNITED,2026-05-01
RADG,100769,UNITED EPO,EPO,UNITED,2026-05-01
RADG,100778,AETNA MCDASSIGN,MCDASSIGN,AETNA,2026-05-01
GRH,100780,UNITED HDHP,HDHP,UNITED,2026-05-01
RADQ,100785,MEDICARE MCRASSIGN,MCRASSIGN,MEDICARE,2026-05-01
ACR,100790,MEDICARE EPO,EPO,MEDICARE,2026-05-01
RADU,100797,UNITED MCDASSIGN,MCDASSIGN,UNITED,2026-05-01
GSIA,100805,UNITED POS,POS,UNITED,2026-05-01
RADL,100813,HUMANA HDHP,HDHP,HUMANA,2026-05-01
RASFA,100814,MEDICARE TPA,TPA,MEDICARE,2026-05-01
GSIA,100821,COMMERCIAL EPO,EPO,COMMERCIAL,2026-05-01
ESR,100829,AETNA POS,POS,AETNA,2026-05-01
RADN,100831,COMMERCIAL HMO,HMO,COMMERCIAL,2026-05-01
RADI,100835,BCBS TPA,TPA,BCBS,2026-05-01
NRA,100839,CIGNA EPO,EPO,CIGNA,2026-05-01
NRAA,100845,MEDICARE MCDASSIGN,MCDASSIGN,MEDICARE,2026-05-01
RADJ,100847,BCBS INDEMNITY,INDEMNITY,BCBS,2026-05-01
RADJ,100851,MEDICAID EPO,EPO,MEDICAID,2026-05-01
RADO,100853,WELLCARE COMM,COMM,WELLCARE,2026-05-01
RADX,100858,MEDICARE TPA,TPA,MEDICARE,2026-05-01
RADB,100859,UNITED PPO,PPO,UNITED,2026-05-01
RADP,100861,BCBS HDHP,HDHP,BCBS,2026-05-01
RADO,100868,AETNA TPA,TPA,AETNA,2026-05-01
ACR,100874,BCBS PPO,PPO,BCBS,2026-05-01
RADR,100878,UNITED TPA,TPA,UNITED,2026-05-01
GRH,100883,MEDICARE PPO,PPO,MEDICARE,2026-05-01
RADI2,100889,HUMANA MCRASSIGN,MCRASSIGN,HUMANA,2026-05-01
IAI,100897,MEDICARE EPO,EPO,MEDICARE,2026-05-01
RADQ,100901,BCBS EPO,EPO,BCBS,2026-05-01
RADD,100910,HUMANA EPO,EPO,HUMANA,2026-05-01
RADH,100914,COMMERCIAL POS,POS,COMMERCIAL,2026-05-01
MRB,100922,MEDICARE POS,POS,MEDICARE,2026-05-01
RADF,100926,BCBS HDHP,HDHP,BCBS,2026-05-01
ACR,100935,UNITED MCRASSIGN,MCRASSIGN,UNITED,2026-05-01
RADG,100938,UNITED TPA,TPA,UNITED,2026-05-01
IAI,100939,UNITED TPA,TPA,UNITED,2026-05-01
RADI2,100947,UNITED INDEMNITY,INDEMNITY,UNITED,2026-05-01
ACR,100953,BCBS POS,POS,BCBS,2026-05-01
NRAA,100961,HUMANA INDEMNITY,INDEMNITY,HUMANA,2026-05-01
RADP,100965,BCBS PPO,PPO,BCBS,2026-05-01
RADX,100972,BCBS PPO,PPO,BCBS,2026-05-01
RADX,100974,CIGNA HDHP,HDHP,CIGNA,2026-05-01
RADP,100983,MEDICAID EPO,EPO,MEDICAID,2026-05-01
RADJ,100987,MEDICARE MCRASSIGN,MCRASSIGN,MEDICARE,2026-05-01
MRB,100996,CIGNA MCDASSIGN,MCDASSIGN,CIGNA,2026-05-01
GSIA,101002,BCBS MCRASSIGN,MCRASSIGN,BCBS,2026-05-01
RADG,101010,CIGNA MCDASSIGN,MCDASSIGN,CIGNA,2026-05-01
IAI,101018,UNITED EPO,EPO,UNITED,2026-05-01
PXP,101025,MEDICAID PPO,PPO,MEDICAID,2026-05-01
RADE,101033,MEDICAID PPO,PPO,MEDICAID,2026-05-01
RADY,101036,BCBS TPA,TPA,BCBS,2026-05-01
SMED,101044,MEDICARE HDHP,HDHP,MEDICARE,2026-05-01
RADA,101050,COMMERCIAL HMO,HMO,COMMERCIAL,2026-05-01
ACRB,101054,HUMANA TPA,TPA,HUMANA,2026-05-01
RADS2,101063,MEDICAID MCRASSIGN,MCRASSIGN,MEDICAID,2026-05-01
RADD,101064,MEDICAID POS,POS,MEDICAID,2026-05-01
RADF,101070,BCBS TPA,TPA,BCBS,2026-05-01
RADJ,101073,BCBS POS,POS,BCBS,2026-05-01
RADE,101082,BCBS PPO,PPO,BCBS,2026-05-01
RADO,101086,BCBS COMM,COMM,BCBS,2026-05-01
RADG,101090,BCBS INDEMNITY,INDEMNITY,BCBS,2026-05-01
NRAA,101097,UNITED MCRASSIGN,MCRASSIGN,UNITED,2026-05-01
IAI,101100,AETNA PPO,PPO,AETNA,2026-05-01
SMED,101101,CIGNA MCRASSIGN,MCRASSIGN,CIGNA,2026-05-01
RADE,101102,HUMANA TPA,TPA,HUMANA,2026-05-01
ESR,101110,CIGNA TPA,TPA,CIGNA,2026-05-01
RADR,101118,UNITED MCRASSIGN,MCRASSIGN,UNITED,2026-05-01
RADX,101119,BCBS INDEMNITY,INDEMNITY,BCBS,2026-05-01
RASFA,101127,MOLINA HDHP,HDHP,MOLINA,2026-05-01
IAI,101134,CIGNA INDEMNITY,INDEMNITY,CIGNA,2026-05-01
GRH,101136,CIGNA EPO,EPO,CIGNA,2026-05-01
RADE,101142,BCBS PPO,PPO,BCBS,2026-05-01
NRA,101151,AETNA HMO,HMO,AETNA,2026-05-01
RADO,101155,MEDICARE MCDASSIGN,MCDASSIGN,MEDICARE,2026-05-01
RADG,101159,BCBS MCRASSIGN,MCRASSIGN,BCBS,2026-05-01
GSIA,101168,UNITED HDHP,HDHP,UNITED,2026-05-01
RADB,101172,BCBS TPA,TPA,BCBS,2026-05-01
RADG,101177,MEDICAID TPA,TPA,MEDICAID,2026-05-01
RADS2,101179,UNITED COMM,COMM,UNITED,2026-05-01
RADL,101185,MEDICARE POS,POS,MEDICARE,2026-05-01
RADM,101192,BCBS MCDASSIGN,MCDASSIGN,BCBS,2026-05-01
RADA,101198,BCBS HDHP,HDHP,BCBS,2026-05-01
RADK,101205,BCBS HMO,HMO,BCBS,2026-05-01
RADZ,101213,UNITED MCDASSIGN,MCDASSIGN,UNITED,2026-05-01
RADT,101219,MOLINA MCDASSIGN,MCDASSIGN,MOLINA,2026-05-01
RADN,101223,COMMERCIAL MCDASSIGN,MCDASSIGN,COMMERCIAL,2026-05-01
TRI,101229,HUMANA TPA,TPA,HUMANA,2026-05-01
RADS,101237,CIGNA INDEMNITY,INDEMNITY,CIGNA,2026-05-01
RADZ,101243,AETNA COMM,COMM,AETNA,2026-05-01
RADO,101251,AETNA INDEMNITY,INDEMNITY,AETNA,2026-05-01
RASFA,101256,BCBS TPA,TPA,BCBS,2026-05-01
RADQ,101260,BCBS MCRASSIGN,MCRASSIGN,BCBS,2026-05-01
RADS2,101268,BCBS INDEMNITY,INDEMNITY,BCBS,2026-05-01
NRAA,101270,CIGNA MCRASSIGN,MCRASSIGN,CIGNA,2026-05-01
RADI,101274,MAGELLAN PPO,PPO,MAGELLAN,2026-05-01
GRH,101280,COMMERCIAL HDHP,HDHP,COMMERCIAL,2026-05-01
RADF,101282,BCBS HDHP,HDHP,BCBS,2026-05-01
RADI,101291,HUMANA INDEMNITY,INDEMNITY,HUMANA,2026-05-01
RADA,101293,BCBS POS,POS,BCBS,2026-05-01
RADB,101294,UNITED HDHP,HDHP,UNITED,2026-05-01
RADZ,101300,BCBS COMM,COMM,BCBS,2026-05-01
GSIA,101307,CIGNA MCDASSIGN,MCDASSIGN,CIGNA,2026-05-01
IAI,101309,UNITED HDHP,HDHP,UNITED,2026-05-01
RADE,101318,CIGNA EPO,EPO,CIGNA,2026-05-01
GRH,101321,BCBS MCRASSIGN,MCRASSIGN,BCBS,2026-05-01
PXP,101325,UNITED HDHP,HDHP,UNITED,2026-05-01
RADD,101330,BCBS HDHP,HDHP,BCBS,2026-05-01
RADY,101334,BCBS HMO,HMO,BCBS,2026-05-01
RADR,101338,BCBS INDEMNITY,INDEMNITY,BCBS,2026-05-01
RADC,101342,UNITED EPO,EPO,UNITED,2026-05-01
RADO,101343,UNITED HDHP,HDHP,UNITED,2026-05-01
RADL,101348,UNITED INDEMNITY,INDEMNITY,UNITED,2026-05-01
RADN,101357,UNITED PPO,PPO,UNITED,2026-05-01
RADK,101358,CIGNA MCDASSIGN,MCDASSIGN,CIGNA,2026-05-01
CRC,101362,HUMANA HDHP,HDHP,HUMANA,2026-05-01
RADH,101363,MEDICARE TPA,TPA,MEDICARE,2026-05-01
RADT,101371,HUMANA POS,POS,HUMANA,2026-05-01
ACR,101379,AETNA POS,POS,AETNA,2026-05-01
RADJ,101385,UNITED POS,POS,UNITED,2026-05-01
GSIA,101393,BCBS MCRASSIGN,MCRASSIGN,BCBS,2026-05-01
RADH,101398,BCBS POS,POS,BCBS,2026-05-01
RADD,101402,MEDICAID EPO,EPO,MEDICAID,2026-05-01
ESR,101411,CENTENE HMO,HMO,CENTENE,2026-05-01
RADD,101413,MEDICAID HDHP,HDHP,MEDICAID,2026-05-01
WRAD,101414,HUMANA MCRASSIGN,MCRASSIGN,HUMANA,2026-05-01
RASFA,101420,UNITED PPO,PPO,UNITED,2026-05-01
RADM,101425,AETNA MCRASSIGN,MCRASSIGN,AETNA,2026-05-01
RADS,101431,BCBS INDEMNITY,INDEMNITY,BCBS,2026-05-01
RADZ,101440,BCBS HDHP,HDHP,BCBS,2026-05-01
GSIA,101449,BCBS EPO,EPO,BCBS,2026-05-01
PXP,101454,UNITED POS,POS,UNITED,2026-05-01
ACRB,101459,AETNA POS,POS,AETNA,2026-05-01
TRI,101462,HUMANA POS,POS,HUMANA,2026-05-01
RADB,101463,CIGNA INDEMNITY,INDEMNITY,CIGNA,2026-05-01
NRA,101472,COMMERCIAL EPO,EPO,COMMERCIAL,2026-05-01
RADQ,101473,UNITED MCRASSIGN,MCRASSIGN,UNITED,2026-05-01
RADK,101482,MEDICARE PPO,PPO,MEDICARE,2026-05-01
ESR,101484,UNITED TPA,TPA,UNITED,2026-05-01
MRB,101486,AETNA COMM,COMM,AETNA,2026-05-01
TRI,101490,HUMANA EPO,EPO,HUMANA,2026-05-01
ESR,101495,MAGELLAN EPO,EPO,MAGELLAN,2026-05-01
RADS2,101500,BCBS POS,POS,BCBS,2026-05-01
RADD,101504,MEDICARE TPA,TPA,MEDICARE,2026-05-01
SMED,101509,MEDICARE PPO,PPO,MEDICARE,2026-05-01
RADP,101511,MEDICARE EPO,EPO,MEDICARE,2026-05-01
RADE,101519,COMMERCIAL HDHP,HDHP,COMMERCIAL,2026-05-01
RADJ,101520,AETNA HMO,HMO,AETNA,2026-05-01
CIRPA,101523,AETNA COMM,COMM,AETNA,2026-05-01
RADT,101528,MEDICARE MCRASSIGN,MCRASSIGN,MEDICARE,2026-05-01
SMED,101533,AETNA PPO,PPO,AETNA,2026-05-01
PXP,101540,COMMERCIAL COMM,COMM,COMMERCIAL,2026-05-01
SAPA,101543,UNITED MCDASSIGN,MCDASSIGN,UNITED,2026-05-01
RASFA,101552,HUMANA MCRASSIGN,MCRASSIGN,HUMANA,2026-05-01
RADG,101554,BCBS HMO,HMO,BCBS,2026-05-01
CRC,101561,BRIGHT HEALTH POS,POS,BRIGHT HEALTH,2026-05-01
RADS,101568,CIGNA INDEMNITY,INDEMNITY,CIGNA,2026-05-01
IAI,101575,BCBS MCRASSIGN,MCRASSIGN,BCBS,2026-05-01
GSIA,101582,BCBS PPO,PPO,BCBS,2026-05-01
SMED,101587,AETNA HMO,HMO,AETNA,2026-05-01
ACRB,101596,CENTENE HMO,HMO,CENTENE,2026-05-01
RADJ,101597,UNITED COMM,COMM,UNITED,2026-05-01
GRH,101605,OSCAR INDEMNITY,INDEMNITY,OSCAR,2026-05-01
TRI,101614,UNITED MCDASSIGN,MCDASSIGN,UNITED,2026-05-01
SMED,101617,AETNA EPO,EPO,AETNA,2026-05-01
ESR,101620,AETNA HMO,HMO,AETNA,2026-05-01
RADB,101624,AETNA MCDASSIGN,MCDASSIGN,AETNA,2026-05-01
RADI,101625,UNITED MCDASSIGN,MCDASSIGN,UNITED,2026-05-01
NRAA,101634,AETNA EPO,EPO,AETNA,2026-05-01
MRB,101636,MEDICAID PPO,PPO,MEDICAID,2026-05-01
RADR,101637,UNITED EPO,EPO,UNITED,2026-05-01
RADK,101641,HUMANA INDEMNITY,INDEMNITY,HUMANA,2026-05-01
CIRPA,101648,AETNA INDEMNITY,INDEMNITY,AETNA,2026-05-01
RADF,101652,BCBS MCRASSIGN,MCRASSIGN,BCBS,2026-05-01
ACR,101661,CIGNA HDHP,HDHP,CIGNA,2026-05-01
RADU,101664,MEDICARE MCDASSIGN,MCDASSIGN,MEDICARE,2026-05-01
RADZ,101665,BCBS MCRASSIGN,MCRASSIGN,BCBS,2026-05-01
RADH,101666,UNITED POS,POS,UNITED,2026-05-01
ACRB,101672,BCBS COMM,COMM,BCBS,2026-05-01
RADS,101680,COMMERCIAL INDEMNITY,INDEMNITY,COMMERCIAL,2026-05-01
RADD,101689,UNITED POS,POS,UNITED,2026-05-01
RADZ,101693,MEDICARE HMO,HMO,MEDICARE,2026-05-01
RADC,101696,BCBS POS,POS,BCBS,2026-05-01
RADN,101704,AETNA EPO,EPO,AETNA,2026-05-01
TRI,101711,COMMERCIAL HMO,HMO,COMMERCIAL,2026-05-01
NRAA,101720,AMBETTER MCDASSIGN,MCDASSIGN,AMBETTER,2026-05-01
RADP,101726,COMMERCIAL POS,POS,COMMERCIAL,2026-05-01
RADI,101734,MEDICAID EPO,EPO,MEDICAID,2026-05-01
RADC,101743,MEDICARE INDEMNITY,INDEMNITY,MEDICARE,2026-05-01
RADB,101745,AMBETTER INDEMNITY,INDEMNITY,AMBETTER,2026-05-01
RASFA,101748,COVENTRY HMO,HMO,COVENTRY,2026-05-01
RADS2,101752,AETNA HMO,HMO,AETNA,2026-05-01
RADL,101754,HUMANA POS,POS,HUMANA,2026-05-01
RADZ,101757,CIGNA TPA,TPA,CIGNA,2026-05-01
RADS,101763,COMMERCIAL EPO,EPO,COMMERCIAL,2026-05-01
RADS2,101770,HUMANA INDEMNITY,INDEMNITY,HUMANA,2026-05-01
RADU,101773,BCBS EPO,EPO,BCBS,2026-05-01
RADN,101776,HUMANA COMM,COMM,HUMANA,2026-05-01
RADD,101777,MEDICARE MCRASSIGN,MCRASSIGN,MEDICARE,2026-05-01
GSIA,101781,MEDICARE COMM,COMM,MEDICARE,2026-05-01
RADU,101782,BCBS HDHP,HDHP,BCBS,2026-05-01
RADT,101784,UNITED PPO,PPO,UNITED,2026-05-01
NRA,101793,CIGNA PPO,PPO,CIGNA,2026-05-01
RADH,101799,CIGNA EPO,EPO,CIGNA,2026-05-01
PMR,101804,MOLINA COMM,COMM,MOLINA,2026-05-01
RADK,101808,AETNA EPO,EPO,AETNA,2026-05-01
RADE,101816,COMMERCIAL EPO,EPO,COMMERCIAL,2026-05-01
PXP,101817,BCBS HMO,HMO,BCBS,2026-05-01
RADD,101826,CENTENE INDEMNITY,INDEMNITY,CENTENE,2026-05-01
NRAA,101830,MEDICAID EPO,EPO,MEDICAID,2026-05-01
RADJ,101833,BCBS MCDASSIGN,MCDASSIGN,BCBS,2026-05-01
WRAD,101835,MEDICAID EPO,EPO,MEDICAID,2026-05-01
RADH,101838,MEDICARE PPO,PPO,MEDICARE,2026-05-01
GRH,101846,CIGNA PPO,PPO,CIGNA,2026-05-01
PMR,101853,COMMERCIAL INDEMNITY,INDEMNITY,COMMERCIAL,2026-05-01
RADO,101859,AETNA PPO,PPO,AETNA,2026-05-01
RADI2,101866,MEDICARE HMO,HMO,MEDICARE,2026-05-01
RADK,101872,MOLINA PPO,PPO,MOLINA,2026-05-01
RADK,101876,MEDICARE TPA,TPA,MEDICARE,2026-05-01
RADL,101882,CENTENE HDHP,HDHP,CENTENE,2026-05-01
RADD,101888,UNITED TPA,TPA,UNITED,2026-05-01
ACR,101892,MEDICARE POS,POS,MEDICARE,2026-05-01
ESR,101893,BCBS INDEMNITY,INDEMNITY,BCBS,2026-05-01
RADY,101902,AMBETTER POS,POS,AMBETTER,2026-05-01
RADI,101905,MEDICAID COMM,COMM,MEDICAID,2026-05-01
PMR,101913,BCBS EPO,EPO,BCBS,2026-05-01
RADU,101918,AETNA MCRASSIGN,MCRASSIGN,AETNA,2026-05-01
ESR,101924,MEDICARE TPA,TPA,MEDICARE,2026-05-01
NRA,101927,MEDICARE HMO,HMO,MEDICARE,2026-05-01
RADC,101929,BCBS POS,POS,BCBS,2026-05-01
RADH,101937,MEDICAID HDHP,HDHP,MEDICAID,2026-05-01
NRA,101939,MEDICAID PPO,PPO,MEDICAID,2026-05-01
ESR,101945,BCBS MCDASSIGN,MCDASSIGN,BCBS,2026-05-01
ACR,101950,HUMANA HDHP,HDHP,HUMANA,2026-05-01
WRAD,101954,BRIGHT HEALTH COMM,COMM,BRIGHT HEALTH,2026-05-01
CRC,101959,UNITED MCDASSIGN,MCDASSIGN,UNITED,2026-05-01
RASFA,101962,CIGNA EPO,EPO,CIGNA,2026-05-01
MRB,101969,MEDICARE COMM,COMM,MEDICARE,2026-05-01
CIRPA,101972,CIGNA INDEMNITY,INDEMNITY,CIGNA,2026-05-01
CRC,101974,MEDICARE MCRASSIGN,MCRASSIGN,MEDICARE,2026-05-01
PXP,101979,BCBS INDEMNITY,INDEMNITY,BCBS,2026-05-01
RADZ,101982,BCBS POS,POS,BCBS,2026-05-01
RADL,101983,CIGNA MCRASSIGN,MCRASSIGN,CIGNA,2026-05-01
RADH,101985,UNITED INDEMNITY,INDEMNITY,UNITED,2026-05-01
PMR,101989,AMBETTER MCDASSIGN,MCDASSIGN,AMBETTER,2026-05-01
PMR,101991,CIGNA EPO,EPO,CIGNA,2026-05-01
RADY,102000,MEDICAID COMM,COMM,MEDICAID,2026-05-01
RADR,102001,MEDICARE HDHP,HDHP,MEDICARE,2026-05-01
RADS2,102010,MEDICAID TPA,TPA,MEDICAID,2026-05-01
NRAA,102019,CIGNA TPA,TPA,CIGNA,2026-05-01
RADS,102020,MEDICARE EPO,EPO,MEDICARE,2026-05-01
SMED,102024,AETNA INDEMNITY,INDEMNITY,AETNA,2026-05-01
RADN,102029,BCBS COMM,COMM,BCBS,2026-05-01
RADK,102038,BCBS HMO,HMO,BCBS,2026-05-01
RADM,102042,MEDICAID COMM,COMM,MEDICAID,2026-05-01
ACR,102049,BCBS HDHP,HDHP,BCBS,2026-05-01
RADN,102052,CIGNA INDEMNITY,INDEMNITY,CIGNA,2026-05-01
RADG,102057,AETNA MCDASSIGN,MCDASSIGN,AETNA,2026-05-01
RADC,102058,MEDICARE POS,POS,MEDICARE,2026-05-01
RADT,102060,UNITED HDHP,HDHP,UNITED,2026-05-01
GSIA,102062,MEDICARE MCDASSIGN,MCDASSIGN,MEDICARE,2026-05-01
CRC,102064,MEDICARE COMM,COMM,MEDICARE,2026-05-01
MRB,102070,AETNA INDEMNITY,INDEMNITY,AETNA,2026-05-01
ACR,102077,MEDICAID COMM,COMM,MEDICAID,2026-05-01
RADM,102079,BCBS HDHP,HDHP,BCBS,2026-05-01
RADG,102084,MEDICARE COMM,COMM,MEDICARE,2026-05-01
ACRB,102090,WELLCARE INDEMNITY,INDEMNITY,WELLCARE,2026-05-01
RADR,102092,BCBS TPA,TPA,BCBS,2026-05-01
IAI,102101,UNITED MCRASSIGN,MCRASSIGN,UNITED,2026-05-01
RADF,102107,AETNA HDHP,HDHP,AETNA,2026-05-01
SAPA,102108,CIGNA HDHP,HDHP,CIGNA,2026-05-01
PMR,102112,MOLINA POS,POS,MOLINA,2026-05-01
RADP,102119,BCBS TPA,TPA,BCBS,2026-05-01
RADE,102123,CIGNA INDEMNITY,INDEMNITY,CIGNA,2026-05-01
RADG,102132,BCBS POS,POS,BCBS,2026-05-01
RADX,102135,BCBS POS,POS,BCBS,2026-05-01
RADT,102144,CIGNA PPO,PPO,CIGNA,2026-05-01
RADB,102145,BCBS PPO,PPO,BCBS,2026-05-01
RADZ,102151,AETNA MCDASSIGN,MCDASSIGN,AETNA,2026-05-01
PXP,102157,CIGNA POS,POS,CIGNA,2026-05-01
GSIA,102158,UNITED POS,POS,UNITED,2026-05-01
NRAA,102166,AETNA MCRASSIGN,MCRASSIGN,AETNA,2026-05-01
RADA,102172,UNITED INDEMNITY,INDEMNITY,UNITED,2026-05-01
PXP,102175,COVENTRY HMO,HMO,COVENTRY,2026-05-01
GSIA,102181,BCBS MCDASSIGN,MCDASSIGN,BCBS,2026-05-01
RADE,102183,UNITED MCRASSIGN,MCRASSIGN,UNITED,2026-05-01
GRH,102186,UNITED MCDASSIGN,MCDASSIGN,UNITED,2026-05-01
ACRB,102193,MOLINA PPO,PPO,MOLINA,2026-05-01
RASFA,102202,BCBS HMO,HMO,BCBS,2026-05-01
RADP,102211,CIGNA POS,POS,CIGNA,2026-05-01
RADO,102216,UNITED POS,POS,UNITED,2026-05-01
RADI,102220,MEDICAID POS,POS,MEDICAID,2026-05-01
RASFA,102225,HUMANA MCDASSIGN,MCDASSIGN,HUMANA,2026-05-01
RADJ,102229,OSCAR COMM,COMM,OSCAR,2026-05-01
RADB,102235,HUMANA MCDASSIGN,MCDASSIGN,HUMANA,2026-05-01
PMR,102241,BCBS MCRASSIGN,MCRASSIGN,BCBS,2026-05-01
RADT,102242,HUMANA INDEMNITY,INDEMNITY,HUMANA,2026-05-01
CRC,102249,BCBS MCDASSIGN,MCDASSIGN,BCBS,2026-05-01
ACRB,102258,CIGNA TPA,TPA,CIGNA,2026-05-01
GRH,102260,COMMERCIAL TPA,TPA,COMMERCIAL,2026-05-01
RASFA,102268,CIGNA EPO,EPO,CIGNA,2026-05-01
ACR,102275,CENTENE HMO,HMO,CENTENE,2026-05-01
SMED,102278,AETNA PPO,PPO,AETNA,2026-05-01
RADR,102280,BCBS HDHP,HDHP,BCBS,2026-05-01
RADG,102286,BCBS INDEMNITY,INDEMNITY,BCBS,2026-05-01
RADC,102288,BCBS POS,POS,BCBS,2026-05-01
SAPA,102296,UNITED EPO,EPO,UNITED,2026-05-01
RADO,102304,BCBS EPO,EPO,BCBS,2026-05-01
RADU,102305,MEDICARE PPO,PPO,MEDICARE,2026-05-01
RADI2,102313,MEDICARE INDEMNITY,INDEMNITY,MEDICARE,2026-05-01
SMED,102318,CIGNA HDHP,HDHP,CIGNA,2026-05-01
RADJ,102325,AMBETTER INDEMNITY,INDEMNITY,AMBETTER,2026-05-01
RADC,102327,BCBS MCRASSIGN,MCRASSIGN,BCBS,2026-05-01
RADS2,102332,UNITED TPA,TPA,UNITED,2026-05-01
RADL,102338,HUMANA MCRASSIGN,MCRASSIGN,HUMANA,2026-05-01
RADR,102339,MEDICARE MCRASSIGN,MCRASSIGN,MEDICARE,2026-05-01
RADR,102346,UNITED HMO,HMO,UNITED,2026-05-01
RADZ,102352,UNITED MCDASSIGN,MCDASSIGN,UNITED,2026-05-01
ACRB,102356,TRICARE MCDASSIGN,MCDASSIGN,TRICARE,2026-05-01
RADA,102365,HUMANA MCRASSIGN,MCRASSIGN,HUMANA,2026-05-01
ACRB,102366,HUMANA MCRASSIGN,MCRASSIGN,HUMANA,2026-05-01
ACR,102370,AETNA INDEMNITY,INDEMNITY,AETNA,2026-05-01
RADI2,102375,BCBS HDHP,HDHP,BCBS,2026-05-01
RADS,102381,BCBS TPA,TPA,BCBS,2026-05-01
RADS,102383,COMMERCIAL HDHP,HDHP,COMMERCIAL,2026-05-01
RADU,102389,UNITED COMM,COMM,UNITED,2026-05-01
RASFA,102392,MEDICARE HMO,HMO,MEDICARE,2026-05-01
RADR,102398,HUMANA COMM,COMM,HUMANA,2026-05-01
RADJ,102402,MEDICAID COMM,COMM,MEDICAID,2026-05-01
RADF,102403,UNITED EPO,EPO,UNITED,2026-05-01
GSIA,102410,UNITED HMO,HMO,UNITED,2026-05-01
RADO,102411,MEDICARE HMO,HMO,MEDICARE,2026-05-01
NRA,102416,MEDICARE MCDASSIGN,MCDASSIGN,MEDICARE,2026-05-01
GSIA,102417,CIGNA MCRASSIGN,MCRASSIGN,CIGNA,2026-05-01
RADM,102419,MEDICAID COMM,COMM,MEDICAID,2026-05-01
NRA,102423,BCBS TPA,TPA,BCBS,2026-05-01
RADC,102430,AETNA HDHP,HDHP,AETNA,2026-05-01
ACR,102434,TRICARE HMO,HMO,TRICARE,2026-05-01
RADS,102436,HUMANA HMO,HMO,HUMANA,2026-05-01
SMED,102440,BCBS PPO,PPO,BCBS,2026-05-01
RADR,102447,MEDICAID HMO,HMO,MEDICAID,2026-05-01
RADL,102449,UNITED INDEMNITY,INDEMNITY,UNITED,2026-05-01
SAPA,102454,UNITED HMO,HMO,UNITED,2026-05-01
PMR,102456,MEDICARE PPO,PPO,MEDICARE,2026-05-01
NRA,102465,TRICARE EPO,EPO,TRICARE,2026-05-01
RADH,102471,HUMANA POS,POS,HUMANA,2026-05-01
RADP,102477,CIGNA TPA,TPA,CIGNA,2026-05-01
GRH,102482,MOLINA MCRASSIGN,MCRASSIGN,MOLINA,2026-05-01
GSIA,102488,HUMANA PPO,PPO,HUMANA,2026-05-01
SMED,102495,COMMERCIAL EPO,EPO,COMMERCIAL,2026-05-01
SMED,102500,BCBS INDEMNITY,INDEMNITY,BCBS,2026-05-01
RADO,102506,AETNA MCDASSIGN,MCDASSIGN,AETNA,2026-05-01
ESR,102513,BCBS HDHP,HDHP,BCBS,2026-05-01
MRB,102520,UNITED POS,POS,UNITED,2026-05-01
MRB,102521,UNITED MCRASSIGN,MCRASSIGN,UNITED,2026-05-01
GSIA,102529,BCBS INDEMNITY,INDEMNITY,BCBS,2026-05-01
CRC,102531,MOLINA TPA,TPA,MOLINA,2026-05-01
RADD,102539,COMMERCIAL COMM,COMM,COMMERCIAL,2026-05-01
MRB,102540,AETNA HDHP,HDHP,AETNA,2026-05-01
RADG,102547,UNITED MCRASSIGN,MCRASSIGN,UNITED,2026-05-01
RADQ,102555,COMMERCIAL INDEMNITY,INDEMNITY,COMMERCIAL,2026-05-01
RADE,102556,MEDICAID TPA,TPA,MEDICAID,2026-05-01
RADB,102565,COVENTRY HDHP,HDHP,COVENTRY,2026-05-01
RADF,102572,BCBS HMO,HMO,BCBS,2026-05-01
RADN,102577,MAGELLAN HMO,HMO,MAGELLAN,2026-05-01
RADT,102578,MEDICAID HMO,HMO,MEDICAID,2026-05-01
ACRB,102581,AETNA TPA,TPA,AETNA,2026-05-01
RADU,102589,TRICARE POS,POS,TRICARE,2026-05-01
RADF,102596,CIGNA MCDASSIGN,MCDASSIGN,CIGNA,2026-05-01
RASFA,102605,BCBS PPO,PPO,BCBS,2026-05-01
RADQ,102611,MEDICARE INDEMNITY,INDEMNITY,MEDICARE,2026-05-01
RADK,102620,AMBETTER HMO,HMO,AMBETTER,2026-05-01
RADD,102629,MEDICARE COMM,COMM,MEDICARE,2026-05-01
GSIA,102638,MEDICARE EPO,EPO,MEDICARE,2026-05-01
RADF,102639,MEDICAID EPO,EPO,MEDICAID,2026-05-01
PXP,102648,AETNA TPA,TPA,AETNA,2026-05-01
CIRPA,102649,AMBETTER MCDASSIGN,MCDASSIGN,AMBETTER,2026-05-01
ACRB,102658,AETNA HDHP,HDHP,AETNA,2026-05-01
SMED,102665,MEDICAID EPO,EPO,MEDICAID,2026-05-01
CIRPA,102672,HUMANA COMM,COMM,HUMANA,2026-05-01
NRAA,102675,UNITED MCDASSIGN,MCDASSIGN,UNITED,2026-05-01
SAPA,102678,AETNA COMM,COMM,AETNA,2026-05-01
RADR,102681,MEDICARE EPO,EPO,MEDICARE,2026-05-01
RADN,102690,UNITED MCDASSIGN,MCDASSIGN,UNITED,2026-05-01
PXP,102699,HUMANA TPA,TPA,HUMANA,2026-05-01
RADN,102703,MEDICAID INDEMNITY,INDEMNITY,MEDICAID,2026-05-01
RADP,102705,BCBS HDHP,HDHP,BCBS,2026-05-01
TRI,102710,AETNA PPO,PPO,AETNA,2026-05-01
RADI2,102717,UNITED EPO,EPO,UNITED,2026-05-01
RADP,102724,MAGELLAN COMM,COMM,MAGELLAN,2026-05-01
RADU,102732,UNITED HMO,HMO,UNITED,2026-05-01
RADZ,102740,MEDICARE PPO,PPO,MEDICARE,2026-05-01
RADP,102748,MEDICAID INDEMNITY,INDEMNITY,MEDICAID,2026-05-01
RADU,102756,MEDICAID MCDASSIGN,MCDASSIGN,MEDICAID,2026-05-01
RADH,102758,BCBS HMO,HMO,BCBS,2026-05-01
RADQ,102760,HUMANA INDEMNITY,INDEMNITY,HUMANA,2026-05-01
RADZ,102766,MOLINA MCRASSIGN,MCRASSIGN,MOLINA,2026-05-01
RADC,102772,UNITED EPO,EPO,UNITED,2026-05-01
RADD,102780,MEDICAID INDEMNITY,INDEMNITY,MEDICAID,2026-05-01
RADE,102786,MEDICARE MCRASSIGN,MCRASSIGN,MEDICARE,2026-05-01
RADI2,102794,COMMERCIAL EPO,EPO,COMMERCIAL,2026-05-01
TRI,102795,UNITED INDEMNITY,INDEMNITY,UNITED,2026-05-01
ESR,102803,MEDICARE MCRASSIGN,MCRASSIGN,MEDICARE,2026-05-01
RADY,102810,MEDICAID MCRASSIGN,MCRASSIGN,MEDICAID,2026-05-01
RASFA,102813,BCBS EPO,EPO,BCBS,2026-05-01
RASFA,102817,MEDICARE MCDASSIGN,MCDASSIGN,MEDICARE,2026-05-01
RADO,102820,MEDICARE HMO,HMO,MEDICARE,2026-05-01
RADS,102822,BCBS EPO,EPO,BCBS,2026-05-01
RADH,102827,BCBS EPO,EPO,BCBS,2026-05-01
RADZ,102832,MEDICARE INDEMNITY,INDEMNITY,MEDICARE,2026-05-01
RASFA,102840,CIGNA EPO,EPO,CIGNA,2026-05-01
RADE,102846,AETNA MCRASSIGN,MCRASSIGN,AETNA,2026-05-01
RADP,102855,UNITED POS,POS,UNITED,2026-05-01
ESR,102860,CIGNA HMO,HMO,CIGNA,2026-05-01
TRI,102869,BCBS TPA,TPA,BCBS,2026-05-01
NRAA,102875,TRICARE MCDASSIGN,MCDASSIGN,TRICARE,2026-05-01
RADS2,102882,BCBS INDEMNITY,INDEMNITY,BCBS,2026-05-01
RADT,102883,MAGELLAN INDEMNITY,INDEMNITY,MAGELLAN,2026-05-01
RADO,102891,AETNA HDHP,HDHP,AETNA,2026-05-01
RADI,102894,COMMERCIAL COMM,COMM,COMMERCIAL,2026-05-01
RADC,102902,UNITED MCDASSIGN,MCDASSIGN,UNITED,2026-05-01
RADS2,102907,HUMANA PPO,PPO,HUMANA,2026-05-01
PMR,102913,MEDICARE TPA,TPA,MEDICARE,2026-05-01
RADU,102920,CIGNA TPA,TPA,CIGNA,2026-05-01
RADN,102924,MEDICARE HMO,HMO,MEDICARE,2026-05-01
IAI,102926,MEDICARE HMO,HMO,MEDICARE,2026-05-01
ACR,102932,AETNA MCDASSIGN,MCDASSIGN,AETNA,2026-05-01
ESR,102934,UNITED HMO,HMO,UNITED,2026-05-01
RADD,102939,BCBS COMM,COMM,BCBS,2026-05-01
RADU,102946,CIGNA PPO,PPO,CIGNA,2026-05-01
IAI,102948,MEDICAID INDEMNITY,INDEMNITY,MEDICAID,2026-05-01
PXP,102957,AETNA MCDASSIGN,MCDASSIGN,AETNA,2026-05-01
NRA,102961,BCBS INDEMNITY,INDEMNITY,BCBS,2026-05-01
RADT,102969,OSCAR COMM,COMM,OSCAR,2026-05-01
RADC,102977,UNITED MCRASSIGN,MCRASSIGN,UNITED,2026-05-01
RADA,102985,MEDICAID COMM,COMM,MEDICAID,2026-05-01
CRC,102988,COMMERCIAL MCDASSIGN,MCDASSIGN,COMMERCIAL,2026-05-01
RADT,102993,COMMERCIAL COMM,COMM,COMMERCIAL,2026-05-01
PMR,102998,BCBS INDEMNITY,INDEMNITY,BCBS,2026-05-01
RADN,103006,TRICARE MCDASSIGN,MCDASSIGN,TRICARE,2026-05-01
RADE,103012,HUMANA MCRASSIGN,MCRASSIGN,HUMANA,2026-05-01
RADK,103015,OSCAR HMO,HMO,OSCAR,2026-05-01
MRB,103021,UNITED MCRASSIGN,MCRASSIGN,UNITED,2026-05-01
RADE,103024,HUMANA PPO,PPO,HUMANA,2026-05-01
RADM,103030,MEDICAID INDEMNITY,INDEMNITY,MEDICAID,2026-05-01
GRH,103038,UNITED PPO,PPO,UNITED,2026-05-01
SAPA,103045,MEDICARE POS,POS,MEDICARE,2026-05-01
RASFA,103048,BCBS MCRASSIGN,MCRASSIGN,BCBS,2026-05-01
RADN,103053,MEDICAID TPA,TPA,MEDICAID,2026-05-01
GRH,103061,MAGELLAN COMM,COMM,MAGELLAN,2026-05-01
GRH,103067,CIGNA MCRASSIGN,MCRASSIGN,CIGNA,2026-05-01
MRB,103070,HUMANA PPO,PPO,HUMANA,2026-05-01
GRH,103071,CIGNA TPA,TPA,CIGNA,2026-05-01
RADT,103077,MEDICARE POS,POS,MEDICARE,2026-05-01
RADD,103083,BCBS EPO,EPO,BCBS,2026-05-01
RADQ,103091,BCBS COMM,COMM,BCBS,2026-05-01
ACRB,103093,MEDICARE MCRASSIGN,MCRASSIGN,MEDICARE,2026-05-01
RADK,103097,CIGNA TPA,TPA,CIGNA,2026-05-01
RADX,103100,UNITED POS,POS,UNITED,2026-05-01
RADA,103101,MEDICARE MCDASSIGN,MCDASSIGN,MEDICARE,2026-05-01
RADB,103109,AETNA MCDASSIGN,MCDASSIGN,AETNA,2026-05-01
RASFA,103116,AETNA EPO,EPO,AETNA,2026-05-01
NRAA,103117,UNITED HMO,HMO,UNITED,2026-05-01
RADT,103120,BCBS TPA,TPA,BCBS,2026-05-01
RADL,103121,BCBS EPO,EPO,BCBS,2026-05-01
RADD,103127,CIGNA INDEMNITY,INDEMNITY,CIGNA,2026-05-01
ACRB,103131,UNITED MCDASSIGN,MCDASSIGN,UNITED,2026-05-01
GSIA,103140,BCBS HDHP,HDHP,BCBS,2026-05-01
RADK,103147,CIGNA POS,POS,CIGNA,2026-05-01
SAPA,103149,UNITED TPA,TPA,UNITED,2026-05-01
RADA,103151,COMMERCIAL TPA,TPA,COMMERCIAL,2026-05-01
RADE,103155,CIGNA TPA,TPA,CIGNA,2026-05-01
PMR,103161,CIGNA MCRASSIGN,MCRASSIGN,CIGNA,2026-05-01
RADS2,103170,AETNA MCDASSIGN,MCDASSIGN,AETNA,2026-05-01
RADH,103175,OSCAR MCDASSIGN,MCDASSIGN,OSCAR,2026-05-01
RADU,103184,CIGNA MCRASSIGN,MCRASSIGN,CIGNA,2026-05-01
RADC,103191,MEDICAID COMM,COMM,MEDICAID,2026-05-01
PXP,103199,UNITED POS,POS,UNITED,2026-05-01
CRC,103200,HUMANA MCRASSIGN,MCRASSIGN,HUMANA,2026-05-01
RADZ,103202,UNITED COMM,COMM,UNITED,2026-05-01
RADF,103208,COMMERCIAL EPO,EPO,COMMERCIAL,2026-05-01
MRB,103216,MEDICAID POS,POS,MEDICAID,2026-05-01
RADH,103225,AETNA HMO,HMO,AETNA,2026-05-01
RADA,103231,AETNA HMO,HMO,AETNA,2026-05-01
NRAA,103240,COMMERCIAL MCRASSIGN,MCRASSIGN,COMMERCIAL,2026-05-01
RADH,103247,BRIGHT HEALTH HDHP,HDHP,BRIGHT HEALTH,2026-05-01
RADQ,103252,BCBS TPA,TPA,BCBS,2026-05-01
CRC,103260,COMMERCIAL POS,POS,COMMERCIAL,2026-05-01
NRAA,103268,AETNA MCRASSIGN,MCRASSIGN,AETNA,2026-05-01
IAI,103277,CIGNA HMO,HMO,CIGNA,2026-05-01
RADX,103278,BCBS PPO,PPO,BCBS,2026-05-01
RADR,103279,COMMERCIAL HDHP,HDHP,COMMERCIAL,2026-05-01
RADR,103284,BCBS INDEMNITY,INDEMNITY,BCBS,2026-05-01
RADN,103286,UNITED MCDASSIGN,MCDASSIGN,UNITED,2026-05-01
SAPA,103294,MEDICAID POS,POS,MEDICAID,2026-05-01
RADL,103303,CIGNA MCRASSIGN,MCRASSIGN,CIGNA,2026-05-01
WRAD,103311,AETNA EPO,EPO,AETNA,2026-05-01
RADS,103314,UNITED MCRASSIGN,MCRASSIGN,UNITED,2026-05-01
RADA,103316,COMMERCIAL INDEMNITY,INDEMNITY,COMMERCIAL,2026-05-01
NRA,103319,AETNA COMM,COMM,AETNA,2026-05-01
CRC,103328,HUMANA PPO,PPO,HUMANA,2026-05-01
MRB,103336,MEDICARE POS,POS,MEDICARE,2026-05-01
WRAD,103344,BCBS HDHP,HDHP,BCBS,2026-05-01
RADN,103348,COMMERCIAL EPO,EPO,COMMERCIAL,2026-05-01
RADY,103351,BCBS COMM,COMM,BCBS,2026-05-01
RADC,103354,MOLINA HMO,HMO,MOLINA,2026-05-01
ACRB,103355,AETNA COMM,COMM,AETNA,2026-05-01
MRB,103357,UNITED POS,POS,UNITED,2026-05-01
RADE,103364,CIGNA POS,POS,CIGNA,2026-05-01
MRB,103365,BCBS POS,POS,BCBS,2026-05-01
PMR,103367,HUMANA TPA,TPA,HUMANA,2026-05-01
RADS2,103368,MEDICAID COMM,COMM,MEDICAID,2026-05-01
RADY,103373,BCBS POS,POS,BCBS,2026-05-01
PMR,103377,AETNA INDEMNITY,INDEMNITY,AETNA,2026-05-01
CRC,103378,HUMANA HMO,HMO,HUMANA,2026-05-01
GSIA,103384,CIGNA HDHP,HDHP,CIGNA,2026-05-01
ACRB,103388,UNITED COMM,COMM,UNITED,2026-05-01
SMED,103394,HUMANA HMO,HMO,HUMANA,2026-05-01
CIRPA,103401,COMMERCIAL PPO,PPO,COMMERCIAL,2026-05-01
RADI2,103409,OSCAR MCDASSIGN,MCDASSIGN,OSCAR,2026-05-01
RADU,103412,BCBS COMM,COMM,BCBS,2026-05-01
RADS2,103416,AETNA TPA,TPA,AETNA,2026-05-01
SMED,103421,BCBS PPO,PPO,BCBS,2026-05-01
RADB,103430,MEDICAID MCDASSIGN,MCDASSIGN,MEDICAID,2026-05-01
WRAD,103435,BCBS MCRASSIGN,MCRASSIGN,BCBS,2026-05-01
RADX,103443,AETNA COMM,COMM,AETNA,2026-05-01
SMED,103448,MEDICARE HMO,HMO,MEDICARE,2026-05-01
RADU,103452,CIGNA COMM,COMM,CIGNA,2026-05-01
GRH,103457,AETNA HDHP,HDHP,AETNA,2026-05-01
PMR,103462,BCBS HMO,HMO,BCBS,2026-05-01
RADF,103465,MEDICARE PPO,PPO,MEDICARE,2026-05-01
ACR,103468,BCBS EPO,EPO,BCBS,2026-05-01
RADT,103471,BCBS POS,POS,BCBS,2026-05-01
GSIA,103473,BCBS MCDASSIGN,MCDASSIGN,BCBS,2026-05-01
NRAA,103480,AETNA MCDASSIGN,MCDASSIGN,AETNA,2026-05-01
NRA,103486,MEDICARE TPA,TPA,MEDICARE,2026-05-01
RADL,103490,CIGNA INDEMNITY,INDEMNITY,CIGNA,2026-05-01
RADM,103499,MEDICAID INDEMNITY,INDEMNITY,MEDICAID,2026-05-01
RADI2,103502,CIGNA HDHP,HDHP,CIGNA,2026-05-01
RADO,103505,AETNA MCDASSIGN,MCDASSIGN,AETNA,2026-05-01
RADS,103510,AETNA PPO,PPO,AETNA,2026-05-01
RASFA,103511,MEDICARE HDHP,HDHP,MEDICARE,2026-05-01
RADB,103512,CIGNA HMO,HMO,CIGNA,2026-05-01
ACR,103518,MEDICARE POS,POS,MEDICARE,2026-05-01
RADD,103524,UNITED HDHP,HDHP,UNITED,2026-05-01
SAPA,103528,COVENTRY TPA,TPA,COVENTRY,2026-05-01
RADI,103532,CIGNA INDEMNITY,INDEMNITY,CIGNA,2026-05-01
RADL,103536,MAGELLAN MCDASSIGN,MCDASSIGN,MAGELLAN,2026-05-01
RADI2,103541,CIGNA HDHP,HDHP,CIGNA,2026-05-01
RADU,103545,AETNA MCDASSIGN,MCDASSIGN,AETNA,2026-05-01
RADA,103554,MEDICAID TPA,TPA,MEDICAID,2026-05-01
RADH,103560,MEDICARE HMO,HMO,MEDICARE,2026-05-01
RADI2,103561,BCBS INDEMNITY,INDEMNITY,BCBS,2026-05-01
RADL,103567,COMMERCIAL TPA,TPA,COMMERCIAL,2026-05-01
CRC,103569,BCBS MCRASSIGN,MCRASSIGN,BCBS,2026-05-01
RADK,103574,UNITED COMM,COMM,UNITED,2026-05-01
RADL,103579,BCBS HDHP,HDHP,BCBS,2026-05-01
RADT,103584,UNITED HDHP,HDHP,UNITED,2026-05-01
RADY,103588,HUMANA MCDASSIGN,MCDASSIGN,HUMANA,2026-05-01
ACR,103590,MEDICARE HMO,HMO,MEDICARE,2026-05-01
WRAD,103594,BCBS HDHP,HDHP,BCBS,2026-05-01
NRAA,103595,AETNA POS,POS,AETNA,2026-05-01
RADJ,103600,CIGNA TPA,TPA,CIGNA,2026-05-01
RADQ,103606,BCBS PPO,PPO,BCBS,2026-05-01
RADA,103612,MEDICARE EPO,EPO,MEDICARE,2026-05-01
RADA,103614,UNITED MCDASSIGN,MCDASSIGN,UNITED,2026-05-01
IAI,103623,HUMANA COMM,COMM,HUMANA,2026-05-01
RADB,103625,AETNA MCRASSIGN,MCRASSIGN,AETNA,2026-05-01
RADY,103633,CIGNA PPO,PPO,CIGNA,2026-05-01
RADX,103638,MOLINA MCDASSIGN,MCDASSIGN,MOLINA,2026-05-01
RADY,103647,MEDICAID POS,POS,MEDICAID,2026-05-01
RADS,103650,AETNA EPO,EPO,AETNA,2026-05-01
RADI,103656,MEDICARE COMM,COMM,MEDICARE,2026-05-01
RADY,103664,MEDICARE MCRASSIGN,MCRASSIGN,MEDICARE,2026-05-01
GSIA,103665,AETNA HMO,HMO,AETNA,2026-05-01
NRAA,103673,AETNA HMO,HMO,AETNA,2026-05-01
RADS2,103676,OSCAR EPO,EPO,OSCAR,2026-05-01
GRH,103682,COMMERCIAL EPO,EPO,COMMERCIAL,2026-05-01
IAI,103684,UNITED EPO,EPO,UNITED,2026-05-01
ACR,103688,MOLINA HDHP,HDHP,MOLINA,2026-05-01
RADF,103697,AETNA HDHP,HDHP,AETNA,2026-05-01
RADI2,103702,TRICARE PPO,PPO,TRICARE,2026-05-01
NRAA,103707,AETNA MCDASSIGN,MCDASSIGN,AETNA,2026-05-01
RADI2,103714,COMMERCIAL MCDASSIGN,MCDASSIGN,COMMERCIAL,2026-05-01
ESR,103716,MEDICAID MCDASSIGN,MCDASSIGN,MEDICAID,2026-05-01
GSIA,103717,UNITED COMM,COMM,UNITED,2026-05-01
IAI,103718,HUMANA POS,POS,HUMANA,2026-05-01
ESR,103719,MEDICARE COMM,COMM,MEDICARE,2026-05-01
IAI,103725,MEDICARE HMO,HMO,MEDICARE,2026-05-01
RADI,103732,MEDICAID COMM,COMM,MEDICAID,2026-05-01
NRA,103739,CIGNA MCDASSIGN,MCDASSIGN,CIGNA,2026-05-01
RADU,103740,HUMANA POS,POS,HUMANA,2026-05-01
RADZ,103748,OSCAR PPO,PPO,OSCAR,2026-05-01
SMED,103752,MEDICARE POS,POS,MEDICARE,2026-05-01
RADR,103761,MOLINA HDHP,HDHP,MOLINA,2026-05-01
RADF,103770,MEDICAID HMO,HMO,MEDICAID,2026-05-01
RADM,103773,MEDICARE INDEMNITY,INDEMNITY,MEDICARE,2026-05-01
RADS,103776,BCBS HDHP,HDHP,BCBS,2026-05-01
RADY,103785,UNITED TPA,TPA,UNITED,2026-05-01
TRI,103787,AETNA INDEMNITY,INDEMNITY,AETNA,2026-05-01
RADH,103788,COMMERCIAL COMM,COMM,COMMERCIAL,2026-05-01
PMR,103792,BCBS INDEMNITY,INDEMNITY,BCBS,2026-05-01
RADO,103795,AMBETTER POS,POS,AMBETTER,2026-05-01
NRAA,103797,UNITED TPA,TPA,UNITED,2026-05-01
RADA,103798,MEDICARE POS,POS,MEDICARE,2026-05-01
RADF,103803,BCBS TPA,TPA,BCBS,2026-05-01
SMED,103806,COMMERCIAL PPO,PPO,COMMERCIAL,2026-05-01
RADD,103807,BCBS MCRASSIGN,MCRASSIGN,BCBS,2026-05-01
RADO,103815,HUMANA PPO,PPO,HUMANA,2026-05-01
ESR,103819,UNITED PPO,PPO,UNITED,2026-05-01
RADT,103820,UNITED MCDASSIGN,MCDASSIGN,UNITED,2026-05-01
RADO,103825,CIGNA INDEMNITY,INDEMNITY,CIGNA,2026-05-01
RADI,103828,CIGNA MCDASSIGN,MCDASSIGN,CIGNA,2026-05-01
RADC,103830,COMMERCIAL INDEMNITY,INDEMNITY,COMMERCIAL,2026-05-01
RADQ,103839,TRICARE EPO,EPO,TRICARE,2026-05-01
RADI,103844,MEDICARE PPO,PPO,MEDICARE,2026-05-01
RADT,103853,MEDICARE MCRASSIGN,MCRASSIGN,MEDICARE,2026-05-01
RADJ,103858,MEDICAID TPA,TPA,MEDICAID,2026-05-01
RADR,103864,MEDICAID EPO,EPO,MEDICAID,2026-05-01
RADL,103868,UNITED PPO,PPO,UNITED,2026-05-01
TRI,103872,WELLCARE HMO,HMO,WELLCARE,2026-05-01
RADN,103877,CIGNA MCDASSIGN,MCDASSIGN,CIGNA,2026-05-01
RADF,103879,UNITED MCDASSIGN,MCDASSIGN,UNITED,2026-05-01
RADS2,103881,CIGNA POS,POS,CIGNA,2026-05-01
RADS,103887,BCBS EPO,EPO,BCBS,2026-05-01
CRC,103892,TRICARE INDEMNITY,INDEMNITY,TRICARE,2026-05-01
ACRB,103895,BRIGHT HEALTH EPO,EPO,BRIGHT HEALTH,2026-05-01
RADO,103902,BCBS PPO,PPO,BCBS,2026-05-01
RASFA,103906,COMMERCIAL PPO,PPO,COMMERCIAL,2026-05-01
RADN,103909,MEDICARE MCDASSIGN,MCDASSIGN,MEDICARE,2026-05-01
RADP,103911,MEDICARE MCDASSIGN,MCDASSIGN,MEDICARE,2026-05-01
RADD,103918,COMMERCIAL HMO,HMO,COMMERCIAL,2026-05-01
ACR,103923,BCBS HDHP,HDHP,BCBS,2026-05-01
WRAD,103932,BCBS PPO,PPO,BCBS,2026-05-01
RADE,103937,CIGNA HMO,HMO,CIGNA,2026-05-01
SMED,103939,MEDICAID TPA,TPA,MEDICAID,2026-05-01
RADL,103944,BCBS COMM,COMM,BCBS,2026-05-01
RADA,103950,BCBS POS,POS,BCBS,2026-05-01
IAI,103953,AETNA COMM,COMM,AETNA,2026-05-01
NRAA,103958,MEDICARE HMO,HMO,MEDICARE,2026-05-01
RADT,103964,BCBS MCDASSIGN,MCDASSIGN,BCBS,2026-05-01
CRC,103970,AETNA PPO,PPO,AETNA,2026-05-01
RADK,103974,UNITED MCDASSIGN,MCDASSIGN,UNITED,2026-05-01
RADZ,103983,BCBS MCRASSIGN,MCRASSIGN,BCBS,2026-05-01
RADS,103984,BCBS HMO,HMO,BCBS,2026-05-01
RADE,103992,CIGNA TPA,TPA,CIGNA,2026-05-01
RADA,103998,MEDICARE MCDASSIGN,MCDASSIGN,MEDICARE,2026-05-01
NRA,104006,AETNA COMM,COMM,AETNA,2026-05-01
CRC,104009,CIGNA HMO,HMO,CIGNA,2026-05-01
RADR,104014,UNITED HMO,HMO,UNITED,2026-05-01
RADS,104020,AETNA MCRASSIGN,MCRASSIGN,AETNA,2026-05-01
RADZ,104029,CIGNA MCRASSIGN,MCRASSIGN,CIGNA,2026-05-01
RADZ,104031,CIGNA POS,POS,CIGNA,2026-05-01
GRH,104039,UNITED MCRASSIGN,MCRASSIGN,UNITED,2026-05-01
RADR,104046,COMMERCIAL POS,POS,COMMERCIAL,2026-05-01
RADO,104054,BCBS PPO,PPO,BCBS,2026-05-01
RADH,104057,UNITED COMM,COMM,UNITED,2026-05-01
SMED,104064,BCBS INDEMNITY,INDEMNITY,BCBS,2026-05-01
ACR,104065,UNITED MCDASSIGN,MCDASSIGN,UNITED,2026-05-01
NRA,104068,MEDICARE TPA,TPA,MEDICARE,2026-05-01
RADX,104075,MEDICARE POS,POS,MEDICARE,2026-05-01
MRB,104080,BCBS INDEMNITY,INDEMNITY,BCBS,2026-05-01
RADJ,104082,MEDICARE INDEMNITY,INDEMNITY,MEDICARE,2026-05-01
PMR,104085,COMMERCIAL MCRASSIGN,MCRASSIGN,COMMERCIAL,2026-05-01
GRH,104089,MEDICARE TPA,TPA,MEDICARE,2026-05-01
RADL,104098,UNITED POS,POS,UNITED,2026-05-01
RADD,104099,MAGELLAN TPA,TPA,MAGELLAN,2026-05-01
RADC,104105,AETNA HMO,HMO,AETNA,2026-05-01
RADL,104114,UNITED MCDASSIGN,MCDASSIGN,UNITED,2026-05-01
RADI,104117,MEDICAID EPO,EPO,MEDICAID,2026-05-01
RADX,104118,COMMERCIAL INDEMNITY,INDEMNITY,COMMERCIAL,2026-05-01
SAPA,104125,TRICARE HDHP,HDHP,TRICARE,2026-05-01
NRA,104134,MEDICARE MCDASSIGN,MCDASSIGN,MEDICARE,2026-05-01
NRA,104135,BCBS HDHP,HDHP,BCBS,2026-05-01
RADG,104141,COMMERCIAL MCRASSIGN,MCRASSIGN,COMMERCIAL,2026-05-01
TRI,104143,AETNA POS,POS,AETNA,2026-05-01
RADS,104149,UNITED HMO,HMO,UNITED,2026-05-01
GRH,104153,MOLINA MCRASSIGN,MCRASSIGN,MOLINA,2026-05-01
TRI,104154,HUMANA MCRASSIGN,MCRASSIGN,HUMANA,2026-05-01
RADR,104162,AETNA INDEMNITY,INDEMNITY,AETNA,2026-05-01
RADS2,104171,AETNA TPA,TPA,AETNA,2026-05-01
RADQ,104177,MEDICAID MCRASSIGN,MCRASSIGN,MEDICAID,2026-05-01
NRAA,104178,BCBS PPO,PPO,BCBS,2026-05-01
CIRPA,104185,UNITED HMO,HMO,UNITED,2026-05-01
RADJ,104191,MEDICARE INDEMNITY,INDEMNITY,MEDICARE,2026-05-01
TRI,104193,OSCAR EPO,EPO,OSCAR,2026-05-01
RADS,104196,AETNA HDHP,HDHP,AETNA,2026-05-01
MRB,104198,MAGELLAN EPO,EPO,MAGELLAN,2026-05-01
RASFA,104200,AETNA COMM,COMM,AETNA,2026-05-01
GRH,104205,BCBS COMM,COMM,BCBS,2026-05-01
RADU,104209,MEDICARE INDEMNITY,INDEMNITY,MEDICARE,2026-05-01
RADZ,104210,BCBS MCDASSIGN,MCDASSIGN,BCBS,2026-05-01
CRC,104215,HUMANA COMM,COMM,HUMANA,2026-05-01
RADR,104220,TRICARE INDEMNITY,INDEMNITY,TRICARE,2026-05-01
GRH,104222,CENTENE INDEMNITY,INDEMNITY,CENTENE,2026-05-01
RADG,104227,COMMERCIAL PPO,PPO,COMMERCIAL,2026-05-01
PMR,104236,HUMANA COMM,COMM,HUMANA,2026-05-01
RADS2,104243,COMMERCIAL PPO,PPO,COMMERCIAL,2026-05-01
GRH,104247,COMMERCIAL HDHP,HDHP,COMMERCIAL,2026-05-01
RADM,104248,CIGNA HMO,HMO,CIGNA,2026-05-01
RADO,104252,BCBS MCRASSIGN,MCRASSIGN,BCBS,2026-05-01
RADG,104260,UNITED PPO,PPO,UNITED,2026-05-01
PXP,104265,AETNA MCRASSIGN,MCRASSIGN,AETNA,2026-05-01
RADD,104274,MEDICARE MCDASSIGN,MCDASSIGN,MEDICARE,2026-05-01
RADC,104281,UNITED TPA,TPA,UNITED,2026-05-01
RADK,104287,MEDICARE POS,POS,MEDICARE,2026-05-01
RADA,104288,MEDICARE PPO,PPO,MEDICARE,2026-05-01
PXP,104294,HUMANA MCDASSIGN,MCDASSIGN,HUMANA,2026-05-01
RADS,104296,MEDICAID MCDASSIGN,MCDASSIGN,MEDICAID,2026-05-01
SAPA,104305,COMMERCIAL HDHP,HDHP,COMMERCIAL,2026-05-01
RADD,104314,MEDICARE PPO,PPO,MEDICARE,2026-05-01
PXP,104316,BCBS MCDASSIGN,MCDASSIGN,BCBS,2026-05-01
SAPA,104322,OSCAR POS,POS,OSCAR,2026-05-01
TRI,104330,BCBS MCRASSIGN,MCRASSIGN,BCBS,2026-05-01
RADH,104337,UNITED EPO,EPO,UNITED,2026-05-01
RADU,104345,CIGNA HDHP,HDHP,CIGNA,2026-05-01
GRH,104353,BCBS MCDASSIGN,MCDASSIGN,BCBS,2026-05-01
ESR,104354,AETNA EPO,EPO,AETNA,2026-05-01
CRC,104362,BCBS EPO,EPO,BCBS,2026-05-01
RADN,104364,AETNA INDEMNITY,INDEMNITY,AETNA,2026-05-01
RADP,104370,BCBS MCRASSIGN,MCRASSIGN,BCBS,2026-05-01
RASFA,104371,MEDICARE COMM,COMM,MEDICARE,2026-05-01
NRA,104375,UNITED HMO,HMO,UNITED,2026-05-01
GSIA,104377,BCBS HDHP,HDHP,BCBS,2026-05-01
RADI,104380,COMMERCIAL HDHP,HDHP,COMMERCIAL,2026-05-01
SAPA,104383,MEDICAID PPO,PPO,MEDICAID,2026-05-01
ACR,104387,AETNA COMM,COMM,AETNA,2026-05-01
RADE,104391,MOLINA COMM,COMM,MOLINA,2026-05-01
RADF,104400,HUMANA EPO,EPO,HUMANA,2026-05-01
SMED,104402,MEDICARE TPA,TPA,MEDICARE,2026-05-01
ACRB,104408,TRICARE TPA,TPA,TRICARE,2026-05-01
IAI,104414,BCBS INDEMNITY,INDEMNITY,BCBS,2026-05-01
CRC,104419,MEDICARE EPO,EPO,MEDICARE,2026-05-01
ACRB,104427,AETNA EPO,EPO,AETNA,2026-05-01
RADN,104434,BCBS INDEMNITY,INDEMNITY,BCBS,2026-05-01
RADJ,104438,AETNA TPA,TPA,AETNA,2026-05-01
ESR,104439,AETNA HDHP,HDHP,AETNA,2026-05-01
GSIA,104448,MEDICARE EPO,EPO,MEDICARE,2026-05-01
RADU,104454,MEDICARE MCRASSIGN,MCRASSIGN,MEDICARE,2026-05-01
ACR,104459,CIGNA MCRASSIGN,MCRASSIGN,CIGNA,2026-05-01
RADD,104461,AMBETTER MCRASSIGN,MCRASSIGN,AMBETTER,2026-05-01
NRA,104469,CIGNA MCDASSIGN,MCDASSIGN,CIGNA,2026-05-01
RADP,104476,BCBS POS,POS,BCBS,2026-05-01
RADS2,104484,MEDICARE PPO,PPO,MEDICARE,2026-05-01
RADM,104492,UNITED COMM,COMM,UNITED,2026-05-01
RADQ,104494,CIGNA POS,POS,CIGNA,2026-05-01
TRI,104497,UNITED MCDASSIGN,MCDASSIGN,UNITED,2026-05-01
RADF,104501,BCBS TPA,TPA,BCBS,2026-05-01
RADS,104505,TRICARE TPA,TPA,TRICARE,2026-05-01
MRB,104506,MEDICARE MCDASSIGN,MCDASSIGN,MEDICARE,2026-05-01
RADQ,104508,HUMANA COMM,COMM,HUMANA,2026-05-01
RADA,104516,CIGNA PPO,PPO,CIGNA,2026-05-01
RADS2,104517,TRICARE EPO,EPO,TRICARE,2026-05-01
RADX,104523,UNITED MCDASSIGN,MCDASSIGN,UNITED,2026-05-01
ACRB,104530,TRICARE POS,POS,TRICARE,2026-05-01
SMED,104538,BCBS MCDASSIGN,MCDASSIGN,BCBS,2026-05-01
PXP,104545,BCBS MCDASSIGN,MCDASSIGN,BCBS,2026-05-01
RADC,104552,BCBS MCRASSIGN,MCRASSIGN,BCBS,2026-05-01
RADE,104555,BRIGHT HEALTH COMM,COMM,BRIGHT HEALTH,2026-05-01
PXP,104557,UNITED MCDASSIGN,MCDASSIGN,UNITED,2026-05-01
GSIA,104561,UNITED MCRASSIGN,MCRASSIGN,UNITED,2026-05-01
RADI,104567,BCBS HMO,HMO,BCBS,2026-05-01
RADO,104573,CIGNA COMM,COMM,CIGNA,2026-05-01
PMR,104579,COMMERCIAL TPA,TPA,COMMERCIAL,2026-05-01
RADJ,104585,COMMERCIAL MCRASSIGN,MCRASSIGN,COMMERCIAL,2026-05-01
PXP,104591,CIGNA MCDASSIGN,MCDASSIGN,CIGNA,2026-05-01
SMED,104592,UNITED COMM,COMM,UNITED,2026-05-01
TRI,104594,CIGNA MCDASSIGN,MCDASSIGN,CIGNA,2026-05-01
PMR,104597,BCBS HMO,HMO,BCBS,2026-05-01
ESR,104604,MEDICAID MCRASSIGN,MCRASSIGN,MEDICAID,2026-05-01
RADA,104609,COMMERCIAL PPO,PPO,COMMERCIAL,2026-05-01
RADX,104617,BRIGHT HEALTH COMM,COMM,BRIGHT HEALTH,2026-05-01
SAPA,104619,HUMANA PPO,PPO,HUMANA,2026-05-01
WRAD,104627,HUMANA EPO,EPO,HUMANA,2026-05-01
PXP,104629,AETNA INDEMNITY,INDEMNITY,AETNA,2026-05-01
RADT,104630,AETNA COMM,COMM,AETNA,2026-05-01
RADD,104634,UNITED INDEMNITY,INDEMNITY,UNITED,2026-05-01
MRB,104639,AETNA TPA,TPA,AETNA,2026-05-01
NRA,104643,MEDICAID MCRASSIGN,MCRASSIGN,MEDICAID,2026-05-01
RADY,104652,AETNA MCDASSIGN,MCDASSIGN,AETNA,2026-05-01
RADM,104656,TRICARE PPO,PPO,TRICARE,2026-05-01
RADQ,104660,AETNA PPO,PPO,AETNA,2026-05-01
RADD,104663,MOLINA HDHP,HDHP,MOLINA,2026-05-01
RADG,104670,MEDICARE EPO,EPO,MEDICARE,2026-05-01
RADN,104671,UNITED MCDASSIGN,MCDASSIGN,UNITED,2026-05-01
NRA,104679,CIGNA EPO,EPO,CIGNA,2026-05-01
RADC,104680,UNITED HDHP,HDHP,UNITED,2026-05-01
ACRB,104689,CIGNA MCRASSIGN,MCRASSIGN,CIGNA,2026-05-01
WRAD,104697,UNITED PPO,PPO,UNITED,2026-05-01
RADZ,104701,CIGNA INDEMNITY,INDEMNITY,CIGNA,2026-05-01
SMED,104702,HUMANA PPO,PPO,HUMANA,2026-05-01
RADC,104703,UNITED TPA,TPA,UNITED,2026-05-01
RADS,104704,MEDICARE INDEMNITY,INDEMNITY,MEDICARE,2026-05-01
GRH,104711,CIGNA POS,POS,CIGNA,2026-05-01
TRI,104719,MEDICARE TPA,TPA,MEDICARE,2026-05-01
NRAA,104725,HUMANA TPA,TPA,HUMANA,2026-05-01
RADK,104730,BCBS HMO,HMO,BCBS,2026-05-01
RADS2,104736,UNITED HMO,HMO,UNITED,2026-05-01
RADG,104739,UNITED POS,POS,UNITED,2026-05-01
SAPA,104743,MEDICAID POS,POS,MEDICAID,2026-05-01
RADA,104750,AMBETTER TPA,TPA,AMBETTER,2026-05-01
RADO,104754,BCBS INDEMNITY,INDEMNITY,BCBS,2026-05-01
ACR,104760,CIGNA HMO,HMO,CIGNA,2026-05-01
RADI2,104761,BCBS MCRASSIGN,MCRASSIGN,BCBS,2026-05-01
RADE,104768,BCBS HMO,HMO,BCBS,2026-05-01
PMR,104770,MEDICARE HDHP,HDHP,MEDICARE,2026-05-01
RADS2,104779,UNITED MCDASSIGN,MCDASSIGN,UNITED,2026-05-01
RADK,104780,HUMANA MCRASSIGN,MCRASSIGN,HUMANA,2026-05-01
SAPA,104787,COMMERCIAL INDEMNITY,INDEMNITY,COMMERCIAL,2026-05-01
ESR,104793,UNITED INDEMNITY,INDEMNITY,UNITED,2026-05-01
RADE,104799,BCBS INDEMNITY,INDEMNITY,BCBS,2026-05-01
NRA,104808,BCBS MCDASSIGN,MCDASSIGN,BCBS,2026-05-01
ACRB,104811,MEDICARE EPO,EPO,MEDICARE,2026-05-01
RADQ,104820,MEDICARE POS,POS,MEDICARE,2026-05-01
RADU,104825,MEDICARE HMO,HMO,MEDICARE,2026-05-01
NRA,104829,AETNA TPA,TPA,AETNA,2026-05-01
IAI,104835,UNITED MCRASSIGN,MCRASSIGN,UNITED,2026-05-01
WRAD,104837,MAGELLAN HDHP,HDHP,MAGELLAN,2026-05-01
SMED,104845,MEDICARE MCDASSIGN,MCDASSIGN,MEDICARE,2026-05-01
TRI,104849,CIGNA HMO,HMO,CIGNA,2026-05-01
GRH,104857,CIGNA MCRASSIGN,MCRASSIGN,CIGNA,2026-05-01
IAI,104859,BCBS HMO,HMO,BCBS,2026-05-01
RADQ,104867,AETNA COMM,COMM,AETNA,2026-05-01
RADX,104870,CIGNA MCRASSIGN,MCRASSIGN,CIGNA,2026-05-01
RADZ,104873,AETNA MCDASSIGN,MCDASSIGN,AETNA,2026-05-01
RADG,104879,MEDICARE MCRASSIGN,MCRASSIGN,MEDICARE,2026-05-01
RADB,104883,UNITED HMO,HMO,UNITED,2026-05-01
NRAA,104887,UNITED PPO,PPO,UNITED,2026-05-01
PMR,104896,CIGNA INDEMNITY,INDEMNITY,CIGNA,2026-05-01
RADT,104903,AETNA HMO,HMO,AETNA,2026-05-01
RADF,104911,CIGNA COMM,COMM,CIGNA,2026-05-01
RADJ,104919,AMBETTER HDHP,HDHP,AMBETTER,2026-05-01
RADI,104927,BCBS INDEMNITY,INDEMNITY,BCBS,2026-05-01
RADS,104933,HUMANA TPA,TPA,HUMANA,2026-05-01
TRI,104938,AETNA INDEMNITY,INDEMNITY,AETNA,2026-05-01
IAI,104940,BCBS HMO,HMO,BCBS,2026-05-01
RADR,104948,AETNA POS,POS,AETNA,2026-05-01
RADZ,104954,CIGNA HDHP,HDHP,CIGNA,2026-05-01
RADA,104962,MEDICARE POS,POS,MEDICARE,2026-05-01
ESR,104965,MEDICAID MCDASSIGN,MCDASSIGN,MEDICAID,2026-05-01
RADJ,104968,MEDICAID POS,POS,MEDICAID,2026-05-01
RADG,104977,MEDICARE EPO,EPO,MEDICARE,2026-05-01
RADD,104980,MEDICARE MCDASSIGN,MCDASSIGN,MEDICARE,2026-05-01
ESR,104987,TRICARE INDEMNITY,INDEMNITY,TRICARE,2026-05-01
PXP,104996,MEDICARE COMM,COMM,MEDICARE,2026-05-01
RADH,104999,MEDICAID MCRASSIGN,MCRASSIGN,MEDICAID,2026-05-01
RADL,105001,UNITED MCDASSIGN,MCDASSIGN,UNITED,2026-05-01
RADB,105006,BCBS EPO,EPO,BCBS,2026-05-01
NRA,105010,MOLINA HMO,HMO,MOLINA,2026-05-01
ACRB,105013,BCBS HDHP,HDHP,BCBS,2026-05-01
RADI2,105017,HUMANA PPO,PPO,HUMANA,2026-05-01
RADH,105024,MEDICARE TPA,TPA,MEDICARE,2026-05-01
RADQ,105025,HUMANA TPA,TPA,HUMANA,2026-05-01
RADP,105026,MEDICARE PPO,PPO,MEDICARE,2026-05-01
RADY,105035,UNITED PPO,PPO,UNITED,2026-05-01
RADT,105041,MEDICAID EPO,EPO,MEDICAID,2026-05-01
RADI2,105049,MEDICARE HDHP,HDHP,MEDICARE,2026-05-01
RADN,105056,HUMANA POS,POS,HUMANA,2026-05-01
RADT,105063,AETNA POS,POS,AETNA,2026-05-01
RADI,105069,UNITED INDEMNITY,INDEMNITY,UNITED,2026-05-01
ACR,105072,HUMANA HMO,HMO,HUMANA,2026-05-01
GRH,105076,CIGNA HDHP,HDHP,CIGNA,2026-05-01
GSIA,105080,HUMANA MCDASSIGN,MCDASSIGN,HUMANA,2026-05-01
RADG,105084,HUMANA COMM,COMM,HUMANA,2026-05-01
RADA,105087,BCBS MCRASSIGN,MCRASSIGN,BCBS,2026-05-01
RADM,105093,MEDICAID MCRASSIGN,MCRASSIGN,MEDICAID,2026-05-01
PXP,105102,BCBS POS,POS,BCBS,2026-05-01
ACR,105111,AETNA MCRASSIGN,MCRASSIGN,AETNA,2026-05-01
RADN,105118,BCBS INDEMNITY,INDEMNITY,BCBS,2026-05-01
SAPA,105126,OSCAR INDEMNITY,INDEMNITY,OSCAR,2026-05-01
RADT,105127,BCBS EPO,EPO,BCBS,2026-05-01
RADU,105134,HUMANA EPO,EPO,HUMANA,2026-05-01
RADD,105136,AETNA COMM,COMM,AETNA,2026-05-01
RADC,105137,BCBS COMM,COMM,BCBS,2026-05-01
NRA,105138,MOLINA PPO,PPO,MOLINA,2026-05-01
RADL,105143,COMMERCIAL INDEMNITY,INDEMNITY,COMMERCIAL,2026-05-01
RADJ,105151,CIGNA POS,POS,CIGNA,2026-05-01
RADZ,105159,MEDICARE INDEMNITY,INDEMNITY,MEDICARE,2026-05-01
RADQ,105160,HUMANA HMO,HMO,HUMANA,2026-05-01
SAPA,105165,UNITED POS,POS,UNITED,2026-05-01
RADM,105173,AETNA PPO,PPO,AETNA,2026-05-01
RADC,105174,AETNA MCRASSIGN,MCRASSIGN,AETNA,2026-05-01
RADT,105183,AETNA EPO,EPO,AETNA,2026-05-01
RADJ,105190,OSCAR PPO,PPO,OSCAR,2026-05-01
SMED,105195,AETNA MCRASSIGN,MCRASSIGN,AETNA,2026-05-01
PMR,105196,COVENTRY MCRASSIGN,MCRASSIGN,COVENTRY,2026-05-01
RADU,105201,CIGNA HDHP,HDHP,CIGNA,2026-05-01
RADD,105206,UNITED HMO,HMO,UNITED,2026-05-01
RADD,105209,BCBS TPA,TPA,BCBS,2026-05-01
RADU,105215,AETNA POS,POS,AETNA,2026-05-01
GRH,105221,BCBS MCDASSIGN,MCDASSIGN,BCBS,2026-05-01
RADA,105223,HUMANA HMO,HMO,HUMANA,2026-05-01
MRB,105225,MEDICARE PPO,PPO,MEDICARE,2026-05-01
IAI,105233,MEDICARE HDHP,HDHP,MEDICARE,2026-05-01
CIRPA,105234,AETNA MCDASSIGN,MCDASSIGN,AETNA,2026-05-01
MRB,105237,OSCAR HDHP,HDHP,OSCAR,2026-05-01
SMED,105239,CIGNA MCDASSIGN,MCDASSIGN,CIGNA,2026-05-01
RADY,105244,BRIGHT HEALTH PPO,PPO,BRIGHT HEALTH,2026-05-01
IAI,105247,CIGNA HDHP,HDHP,CIGNA,2026-05-01
PMR,105251,CIGNA HMO,HMO,CIGNA,2026-05-01
RADO,105254,BCBS HDHP,HDHP,BCBS,2026-05-01
RASFA,105260,BCBS MCDASSIGN,MCDASSIGN,BCBS,2026-05-01
SAPA,105268,BCBS HMO,HMO,BCBS,2026-05-01
SMED,105269,MEDICAID EPO,EPO,MEDICAID,2026-05-01
RADI2,105277,WELLCARE EPO,EPO,WELLCARE,2026-05-01
SAPA,105281,MEDICARE INDEMNITY,INDEMNITY,MEDICARE,2026-05-01
IAI,105289,CIGNA EPO,EPO,CIGNA,2026-05-01
GRH,105294,UNITED INDEMNITY,INDEMNITY,UNITED,2026-05-01
GRH,105302,MAGELLAN EPO,EPO,MAGELLAN,2026-05-01
ACR,105304,MEDICAID HDHP,HDHP,MEDICAID,2026-05-01
RADN,105307,MEDICAID POS,POS,MEDICAID,2026-05-01
RADS2,105309,MEDICAID TPA,TPA,MEDICAID,2026-05-01
RADJ,105311,BCBS HMO,HMO,BCBS,2026-05-01
RADU,105313,UNITED EPO,EPO,UNITED,2026-05-01
RADC,105320,COMMERCIAL MCDASSIGN,MCDASSIGN,COMMERCIAL,2026-05-01
RADR,105327,BCBS TPA,TPA,BCBS,2026-05-01
RADY,105333,CIGNA COMM,COMM,CIGNA,2026-05-01
RADL,105336,CIGNA COMM,COMM,CIGNA,2026-05-01
NRA,105344,HUMANA POS,POS,HUMANA,2026-05-01
RADM,105345,AETNA PPO,PPO,AETNA,2026-05-01
RADF,105354,HUMANA HMO,HMO,HUMANA,2026-05-01
RADS,105358,AMBETTER HMO,HMO,AMBETTER,2026-05-01
RADC,105364,MEDICARE COMM,COMM,MEDICARE,2026-05-01
RADL,105369,TRICARE POS,POS,TRICARE,2026-05-01
SMED,105375,MEDICARE POS,POS,MEDICARE,2026-05-01
ACR,105378,CIGNA TPA,TPA,CIGNA,2026-05-01
SAPA,105384,AMBETTER MCRASSIGN,MCRASSIGN,AMBETTER,2026-05-01
IAI,105392,MAGELLAN PPO,PPO,MAGELLAN,2026-05-01
RASFA,105400,UNITED POS,POS,UNITED,2026-05-01
RADS,105408,UNITED EPO,EPO,UNITED,2026-05-01
RADG,105412,BCBS HDHP,HDHP,BCBS,2026-05-01
PMR,105416,MEDICARE EPO,EPO,MEDICARE,2026-05-01
CRC,105422,BCBS PPO,PPO,BCBS,2026-05-01
RADM,105429,UNITED HMO,HMO,UNITED,2026-05-01
RADI2,105433,MEDICAID MCDASSIGN,MCDASSIGN,MEDICAID,2026-05-01
RADL,105434,MEDICARE POS,POS,MEDICARE,2026-05-01
TRI,105436,MEDICAID EPO,EPO,MEDICAID,2026-05-01
RASFA,105443,HUMANA TPA,TPA,HUMANA,2026-05-01
RADJ,105444,MAGELLAN POS,POS,MAGELLAN,2026-05-01
RADR,105450,MEDICARE POS,POS,MEDICARE,2026-05-01
RADO,105454,AMBETTER MCDASSIGN,MCDASSIGN,AMBETTER,2026-05-01
CRC,105456,HUMANA HMO,HMO,HUMANA,2026-05-01
RADS,105460,HUMANA MCDASSIGN,MCDASSIGN,HUMANA,2026-05-01
SAPA,105468,UNITED HDHP,HDHP,UNITED,2026-05-01
RADI2,105472,BCBS MCDASSIGN,MCDASSIGN,BCBS,2026-05-01
RADX,105477,UNITED COMM,COMM,UNITED,2026-05-01
RADA,105480,MEDICARE HMO,HMO,MEDICARE,2026-05-01
RADN,105486,AETNA EPO,EPO,AETNA,2026-05-01
CRC,105490,BRIGHT HEALTH HDHP,HDHP,BRIGHT HEALTH,2026-05-01
RADC,105499,BCBS EPO,EPO,BCBS,2026-05-01
RADS,105507,MEDICARE EPO,EPO,MEDICARE,2026-05-01
GRH,105511,UNITED COMM,COMM,UNITED,2026-05-01
NRA,105520,CIGNA EPO,EPO,CIGNA,2026-05-01
RADB,105522,UNITED TPA,TPA,UNITED,2026-05-01
NRA,105527,HUMANA COMM,COMM,HUMANA,2026-05-01
WRAD,105532,AMBETTER INDEMNITY,INDEMNITY,AMBETTER,2026-05-01
CRC,105538,TRICARE PPO,PPO,TRICARE,2026-05-01
RADL,105545,CIGNA TPA,TPA,CIGNA,2026-05-01
PXP,105549,AETNA MCRASSIGN,MCRASSIGN,AETNA,2026-05-01
RADP,105558,UNITED TPA,TPA,UNITED,2026-05-01
RADA,105564,AETNA POS,POS,AETNA,2026-05-01
PXP,105566,UNITED TPA,TPA,UNITED,2026-05-01
RADL,105575,MEDICARE HDHP,HDHP,MEDICARE,2026-05-01
RADA,105581,AETNA POS,POS,AETNA,2026-05-01
RADH,105590,MEDICARE HDHP,HDHP,MEDICARE,2026-05-01
CIRPA,105593,BCBS HMO,HMO,BCBS,2026-05-01
CIRPA,105597,UNITED INDEMNITY,INDEMNITY,UNITED,2026-05-01
RADZ,105599,AETNA TPA,TPA,AETNA,2026-05-01
PMR,105606,CIGNA POS,POS,CIGNA,2026-05-01
RADL,105608,CIGNA HDHP,HDHP,CIGNA,2026-05-01
IAI,105609,BCBS TPA,TPA,BCBS,2026-05-01
RADK,105613,MEDICAID TPA,TPA,MEDICAID,2026-05-01
SMED,105622,HUMANA POS,POS,HUMANA,2026-05-01
SMED,105627,HUMANA POS,POS,HUMANA,2026-05-01
ACR,105628,MEDICARE TPA,TPA,MEDICARE,2026-05-01
PMR,105636,COVENTRY MCDASSIGN,MCDASSIGN,COVENTRY,2026-05-01
RADP,105638,BCBS POS,POS,BCBS,2026-05-01
RADT,105646,UNITED TPA,TPA,UNITED,2026-05-01
RADZ,105651,COMMERCIAL EPO,EPO,COMMERCIAL,2026-05-01
RADG,105657,AETNA MCRASSIGN,MCRASSIGN,AETNA,2026-05-01
RADS,105660,MOLINA POS,POS,MOLINA,2026-05-01
PXP,105667,TRICARE COMM,COMM,TRICARE,2026-05-01
RADN,105672,UNITED PPO,PPO,UNITED,2026-05-01
RADK,105673,AETNA MCRASSIGN,MCRASSIGN,AETNA,2026-05-01
TRI,105682,HUMANA EPO,EPO,HUMANA,2026-05-01
RADG,105691,COMMERCIAL EPO,EPO,COMMERCIAL,2026-05-01
RADR,105697,AETNA POS,POS,AETNA,2026-05-01
RADO,105700,MEDICAID INDEMNITY,INDEMNITY,MEDICAID,2026-05-01
WRAD,105701,MEDICARE MCRASSIGN,MCRASSIGN,MEDICARE,2026-05-01
RADX,105707,MEDICARE INDEMNITY,INDEMNITY,MEDICARE,2026-05-01
ESR,105708,BCBS INDEMNITY,INDEMNITY,BCBS,2026-05-01
NRAA,105710,MOLINA HDHP,HDHP,MOLINA,2026-05-01
RADM,105714,AETNA EPO,EPO,AETNA,2026-05-01
RADP,105720,CIGNA HMO,HMO,CIGNA,2026-05-01
NRA,105722,COMMERCIAL INDEMNITY,INDEMNITY,COMMERCIAL,2026-05-01
RADA,105724,COVENTRY TPA,TPA,COVENTRY,2026-05-01
RADH,105730,AETNA TPA,TPA,AETNA,2026-05-01
WRAD,105739,UNITED TPA,TPA,UNITED,2026-05-01
RADG,105746,COMMERCIAL HDHP,HDHP,COMMERCIAL,2026-05-01
TRI,105751,UNITED MCRASSIGN,MCRASSIGN,UNITED,2026-05-01
ESR,105752,MEDICAID INDEMNITY,INDEMNITY,MEDICAID,2026-05-01
GSIA,105754,CIGNA EPO,EPO,CIGNA,2026-05-01
ACR,105760,UNITED INDEMNITY,INDEMNITY,UNITED,2026-05-01
TRI,105766,BCBS EPO,EPO,BCBS,2026-05-01
RADP,105774,BRIGHT HEALTH COMM,COMM,BRIGHT HEALTH,2026-05-01
RADG,105779,AETNA EPO,EPO,AETNA,2026-05-01
PMR,105786,CIGNA HDHP,HDHP,CIGNA,2026-05-01
RADM,105795,CIGNA INDEMNITY,INDEMNITY,CIGNA,2026-05-01
RADT,105797,UNITED HMO,HMO,UNITED,2026-05-01
RADE,105800,BCBS MCDASSIGN,MCDASSIGN,BCBS,2026-05-01
RADP,105801,CIGNA PPO,PPO,CIGNA,2026-05-01
RADB,105807,MOLINA EPO,EPO,MOLINA,2026-05-01
RADF,105809,UNITED COMM,COMM,UNITED,2026-05-01
RADG,105811,UNITED HDHP,HDHP,UNITED,2026-05-01
ACR,105816,COMMERCIAL PPO,PPO,COMMERCIAL,2026-05-01
PXP,105817,UNITED EPO,EPO,UNITED,2026-05-01
TRI,105818,UNITED MCRASSIGN,MCRASSIGN,UNITED,2026-05-01
TRI,105821,AETNA HMO,HMO,AETNA,2026-05-01
NRAA,105827,AMBETTER TPA,TPA,AMBETTER,2026-05-01
CRC,105833,CIGNA MCDASSIGN,MCDASSIGN,CIGNA,2026-05-01
RADI2,105841,BCBS COMM,COMM,BCBS,2026-05-01
TRI,105844,UNITED TPA,TPA,UNITED,2026-05-01
RADK,105851,TRICARE EPO,EPO,TRICARE,2026-05-01
RADI,105859,AETNA HMO,HMO,AETNA,2026-05-01
GSIA,105868,MEDICAID MCDASSIGN,MCDASSIGN,MEDICAID,2026-05-01
RADQ,105877,BCBS HDHP,HDHP,BCBS,2026-05-01
RADN,105878,UNITED COMM,COMM,UNITED,2026-05-01
RASFA,105886,BCBS MCRASSIGN,MCRASSIGN,BCBS,2026-05-01
ESR,105887,AMBETTER MCDASSIGN,MCDASSIGN,AMBETTER,2026-05-01
WRAD,105891,CIGNA EPO,EPO,CIGNA,2026-05-01
SMED,105897,WELLCARE PPO,PPO,WELLCARE,2026-05-01
RADA,105898,MEDICAID HMO,HMO,MEDICAID,2026-05-01
RADB,105902,BCBS MCDASSIGN,MCDASSIGN,BCBS,2026-05-01
RADY,105903,BCBS PPO,PPO,BCBS,2026-05-01
SAPA,105905,BCBS PPO,PPO,BCBS,2026-05-01
RADQ,105912,TRICARE POS,POS,TRICARE,2026-05-01
WRAD,105917,CIGNA TPA,TPA,CIGNA,2026-05-01
CIRPA,105926,UNITED INDEMNITY,INDEMNITY,UNITED,2026-05-01
NRA,105930,CIGNA INDEMNITY,INDEMNITY,CIGNA,2026-05-01
IAI,105935,AETNA MCRASSIGN,MCRASSIGN,AETNA,2026-05-01
RADT,105936,HUMANA HDHP,HDHP,HUMANA,2026-05-01
RADZ,105942,MEDICAID PPO,PPO,MEDICAID,2026-05-01
RADJ,105945,AETNA HMO,HMO,AETNA,2026-05-01
RADE,105951,COMMERCIAL TPA,TPA,COMMERCIAL,2026-05-01
IAI,105956,COMMERCIAL INDEMNITY,INDEMNITY,COMMERCIAL,2026-05-01
IAI,105961,AETNA COMM,COMM,AETNA,2026-05-01
CIRPA,105966,BCBS TPA,TPA,BCBS,2026-05-01
NRAA,105971,BCBS INDEMNITY,INDEMNITY,BCBS,2026-05-01
RADU,105978,BCBS EPO,EPO,BCBS,2026-05-01
RADU,105984,COMMERCIAL HDHP,HDHP,COMMERCIAL,2026-05-01
RADF,105990,MEDICARE TPA,TPA,MEDICARE,2026-05-01
RADP,105992,UNITED COMM,COMM,UNITED,2026-05-01
ESR,106001,CIGNA COMM,COMM,CIGNA,2026-05-01
RADI,106004,TRICARE HDHP,HDHP,TRICARE,2026-05-01
RADN,106011,MEDICARE INDEMNITY,INDEMNITY,MEDICARE,2026-05-01
RADI2,106013,MEDICARE COMM,COMM,MEDICARE,2026-05-01
RADF,106020,CIGNA MCRASSIGN,MCRASSIGN,CIGNA,2026-05-01
TRI,106025,BCBS MCDASSIGN,MCDASSIGN,BCBS,2026-05-01
RASFA,106031,UNITED HMO,HMO,UNITED,2026-05-01
RADJ,106037,UNITED HDHP,HDHP,UNITED,2026-05-01
RADJ,106042,MEDICAID POS,POS,MEDICAID,2026-05-01
PXP,106044,UNITED TPA,TPA,UNITED,2026-05-01
RADC,106046,AETNA MCRASSIGN,MCRASSIGN,AETNA,2026-05-01
RADC,106055,AETNA HDHP,HDHP,AETNA,2026-05-01
IAI,106062,BCBS HDHP,HDHP,BCBS,2026-05-01
ACR,106070,BCBS MCRASSIGN,MCRASSIGN,BCBS,2026-05-01
RADM,106079,CIGNA POS,POS,CIGNA,2026-05-01
SMED,106084,UNITED EPO,EPO,UNITED,2026-05-01
RADY,106085,BCBS EPO,EPO,BCBS,2026-05-01
SMED,106089,UNITED HDHP,HDHP,UNITED,2026-05-01
RADR,106092,HUMANA HMO,HMO,HUMANA,2026-05-01
SMED,106099,MEDICAID PPO,PPO,MEDICAID,2026-05-01
NRA,106103,AETNA MCDASSIGN,MCDASSIGN,AETNA,2026-05-01
CRC,106105,WELLCARE COMM,COMM,WELLCARE,2026-05-01
RADU,106110,MEDICAID COMM,COMM,MEDICAID,2026-05-01
SAPA,106111,MEDICARE POS,POS,MEDICARE,2026-05-01
TRI,106120,UNITED MCRASSIGN,MCRASSIGN,UNITED,2026-05-01
RADX,106126,UNITED COMM,COMM,UNITED,2026-05-01
RADJ,106132,BCBS EPO,EPO,BCBS,2026-05-01
RADU,106136,MEDICARE MCRASSIGN,MCRASSIGN,MEDICARE,2026-05-01
RADT,106140,COMMERCIAL INDEMNITY,INDEMNITY,COMMERCIAL,2026-05-01
PMR,106146,HUMANA MCRASSIGN,MCRASSIGN,HUMANA,2026-05-01
RADA,106153,AETNA TPA,TPA,AETNA,2026-05-01
RADY,106160,UNITED INDEMNITY,INDEMNITY,UNITED,2026-05-01
RADP,106161,MEDICARE HDHP,HDHP,MEDICARE,2026-05-01
RADE,106165,AETNA COMM,COMM,AETNA,2026-05-01
PXP,106170,UNITED HDHP,HDHP,UNITED,2026-05-01
ACR,106172,BCBS HMO,HMO,BCBS,2026-05-01
RADL,106178,MEDICAID INDEMNITY,INDEMNITY,MEDICAID,2026-05-01
RADQ,106182,AETNA HMO,HMO,AETNA,2026-05-01
ESR,106189,CIGNA TPA,TPA,CIGNA,2026-05-01
NRA,106190,OSCAR EPO,EPO,OSCAR,2026-05-01
RADZ,106196,COMMERCIAL HMO,HMO,COMMERCIAL,2026-05-01
CIRPA,106198,WELLCARE PPO,PPO,WELLCARE,2026-05-01
SMED,106204,MEDICARE PPO,PPO,MEDICARE,2026-05-01
RADY,106213,CIGNA MCRASSIGN,MCRASSIGN,CIGNA,2026-05-01
RADA,106218,AETNA PPO,PPO,AETNA,2026-05-01
RADG,106220,TRICARE COMM,COMM,TRICARE,2026-05-01
RADG,106226,BCBS TPA,TPA,BCBS,2026-05-01
RADE,106228,MOLINA TPA,TPA,MOLINA,2026-05-01
RASFA,106229,CIGNA TPA,TPA,CIGNA,2026-05-01
NRA,106237,MOLINA POS,POS,MOLINA,2026-05-01
ACR,106238,BCBS COMM,COMM,BCBS,2026-05-01
ESR,106242,TRICARE PPO,PPO,TRICARE,2026-05-01
PMR,106251,MEDICARE HMO,HMO,MEDICARE,2026-05-01
WRAD,106260,MEDICARE HDHP,HDHP,MEDICARE,2026-05-01
RADS2,106262,AETNA PPO,PPO,AETNA,2026-05-01
SAPA,106266,COVENTRY COMM,COMM,COVENTRY,2026-05-01
RADQ,106271,AETNA INDEMNITY,INDEMNITY,AETNA,2026-05-01
RADM,106272,BCBS EPO,EPO,BCBS,2026-05-01
RADO,106279,BCBS HDHP,HDHP,BCBS,2026-05-01
RADI,106287,CIGNA MCRASSIGN,MCRASSIGN,CIGNA,2026-05-01
NRAA,106288,MAGELLAN INDEMNITY,INDEMNITY,MAGELLAN,2026-05-01
TRI,106294,CIGNA MCDASSIGN,MCDASSIGN,CIGNA,2026-05-01
RADQ,106300,COMMERCIAL COMM,COMM,COMMERCIAL,2026-05-01
IAI,106308,TRICARE TPA,TPA,TRICARE,2026-05-01
RASFA,106314,MEDICARE MCRASSIGN,MCRASSIGN,MEDICARE,2026-05-01
WRAD,106318,MAGELLAN MCRASSIGN,MCRASSIGN,MAGELLAN,2026-05-01
RADU,106319,UNITED MCDASSIGN,MCDASSIGN,UNITED,2026-05-01
RADS,106325,COVENTRY POS,POS,COVENTRY,2026-05-01
RADL,106332,AETNA EPO,EPO,AETNA,2026-05-01
RADL,106335,MEDICAID POS,POS,MEDICAID,2026-05-01
RADJ,106336,MEDICARE EPO,EPO,MEDICARE,2026-05-01
ACR,106340,MEDICAID MCDASSIGN,MCDASSIGN,MEDICAID,2026-05-01
ACR,106344,MEDICARE HMO,HMO,MEDICARE,2026-05-01
RADS2,106351,CIGNA POS,POS,CIGNA,2026-05-01
RADJ,106354,AETNA TPA,TPA,AETNA,2026-05-01
RADU,106356,AETNA MCDASSIGN,MCDASSIGN,AETNA,2026-05-01
RADS2,106358,MOLINA HDHP,HDHP,MOLINA,2026-05-01
SMED,106359,UNITED POS,POS,UNITED,2026-05-01
RADH,106365,TRICARE TPA,TPA,TRICARE,2026-05-01
PXP,106371,AETNA HMO,HMO,AETNA,2026-05-01
RADY,106378,WELLCARE MCRASSIGN,MCRASSIGN,WELLCARE,2026-05-01
RADY,106384,AETNA EPO,EPO,AETNA,2026-05-01
RADR,106391,CIGNA TPA,TPA,CIGNA,2026-05-01
RADJ,106398,BCBS TPA,TPA,BCBS,2026-05-01
ACRB,106403,CIGNA HDHP,HDHP,CIGNA,2026-05-01
RADT,106406,MEDICAID INDEMNITY,INDEMNITY,MEDICAID,2026-05-01
IAI,106414,UNITED HDHP,HDHP,UNITED,2026-05-01
RADX,106415,MEDICAID PPO,PPO,MEDICAID,2026-05-01
RADL,106417,MEDICAID HMO,HMO,MEDICAID,2026-05-01
RADS,106419,UNITED MCRASSIGN,MCRASSIGN,UNITED,2026-05-01
RADU,106421,MEDICARE TPA,TPA,MEDICARE,2026-05-01
RADX,106430,UNITED HMO,HMO,UNITED,2026-05-01
RADK,106438,CIGNA MCDASSIGN,MCDASSIGN,CIGNA,2026-05-01
RADF,106444,MAGELLAN MCRASSIGN,MCRASSIGN,MAGELLAN,2026-05-01
GSIA,106447,CENTENE TPA,TPA,CENTENE,2026-05-01
PXP,106451,UNITED MCDASSIGN,MCDASSIGN,UNITED,2026-05-01
NRA,106454,OSCAR PPO,PPO,OSCAR,2026-05-01
RADZ,106463,MAGELLAN HDHP,HDHP,MAGELLAN,2026-05-01
RADG,106469,UNITED MCRASSIGN,MCRASSIGN,UNITED,2026-05-01
RADL,106477,COMMERCIAL COMM,COMM,COMMERCIAL,2026-05-01
RADY,106484,MEDICARE TPA,TPA,MEDICARE,2026-05-01
WRAD,106488,AETNA EPO,EPO,AETNA,2026-05-01
RADI,106489,UNITED HDHP,HDHP,UNITED,2026-05-01
WRAD,106492,HUMANA PPO,PPO,HUMANA,2026-05-01
RASFA,106495,COMMERCIAL PPO,PPO,COMMERCIAL,2026-05-01
GRH,106497,BCBS MCRASSIGN,MCRASSIGN,BCBS,2026-05-01
RADA,106498,HUMANA HDHP,HDHP,HUMANA,2026-05-01
PMR,106504,UNITED MCDASSIGN,MCDASSIGN,UNITED,2026-05-01
GSIA,106506,UNITED MCRASSIGN,MCRASSIGN,UNITED,2026-05-01
TRI,106510,UNITED TPA,TPA,UNITED,2026-05-01
RADL,106514,UNITED PPO,PPO,UNITED,2026-05-01
IAI,106517,AETNA PPO,PPO,AETNA,2026-05-01
RADA,106518,COMMERCIAL INDEMNITY,INDEMNITY,COMMERCIAL,2026-05-01
RADX,106525,BCBS MCDASSIGN,MCDASSIGN,BCBS,2026-05-01
RADO,106531,AETNA MCRASSIGN,MCRASSIGN,AETNA,2026-05-01
RADM,106535,CIGNA POS,POS,CIGNA,2026-05-01
CRC,106544,BCBS HDHP,HDHP,BCBS,2026-05-01
SMED,106550,MEDICARE HMO,HMO,MEDICARE,2026-05-01
RADS,106558,CIGNA TPA,TPA,CIGNA,2026-05-01
ESR,106561,CIGNA POS,POS,CIGNA,2026-05-01
RADJ,106566,UNITED PPO,PPO,UNITED,2026-05-01
PMR,106567,UNITED MCDASSIGN,MCDASSIGN,UNITED,2026-05-01
RADX,106575,MEDICAID TPA,TPA,MEDICAID,2026-05-01
IAI,106584,HUMANA INDEMNITY,INDEMNITY,HUMANA,2026-05-01
RADA,106585,MEDICARE COMM,COMM,MEDICARE,2026-05-01
RADC,106588,COMMERCIAL POS,POS,COMMERCIAL,2026-05-01
NRA,106596,MOLINA MCRASSIGN,MCRASSIGN,MOLINA,2026-05-01
RADR,106604,MOLINA MCDASSIGN,MCDASSIGN,MOLINA,2026-05-01
CRC,106610,AETNA PPO,PPO,AETNA,2026-05-01
RADS,106614,CIGNA MCRASSIGN,MCRASSIGN,CIGNA,2026-05-01
RADS2,106621,BCBS TPA,TPA,BCBS,2026-05-01
RADY,106624,AETNA TPA,TPA,AETNA,2026-05-01
RADJ,106632,CIGNA PPO,PPO,CIGNA,2026-05-01
RADS2,106641,AETNA TPA,TPA,AETNA,2026-05-01
MRB,106644,AETNA TPA,TPA,AETNA,2026-05-01
RASFA,106653,UNITED TPA,TPA,UNITED,2026-05-01
CIRPA,106658,COMMERCIAL TPA,TPA,COMMERCIAL,2026-05-01
RADA,106660,MEDICAID INDEMNITY,INDEMNITY,MEDICAID,2026-05-01
ACR,106662,UNITED HDHP,HDHP,UNITED,2026-05-01
NRA,106665,OSCAR EPO,EPO,OSCAR,2026-05-01
RADH,106670,COMMERCIAL TPA,TPA,COMMERCIAL,2026-05-01
RADU,106675,MEDICARE PPO,PPO,MEDICARE,2026-05-01
RADZ,106676,BCBS POS,POS,BCBS,2026-05-01
RADO,106680,MEDICARE TPA,TPA,MEDICARE,2026-05-01
GRH,106681,COMMERCIAL COMM,COMM,COMMERCIAL,2026-05-01
MRB,106685,BCBS PPO,PPO,BCBS,2026-05-01
RADM,106691,CIGNA TPA,TPA,CIGNA,2026-05-01
MRB,106696,MEDICARE PPO,PPO,MEDICARE,2026-05-01
RADL,106701,CIGNA PPO,PPO,CIGNA,2026-05-01
RADT,106710,BCBS COMM,COMM,BCBS,2026-05-01
RADC,106718,MEDICARE TPA,TPA,MEDICARE,2026-05-01
RADM,106721,CIGNA MCRASSIGN,MCRASSIGN,CIGNA,2026-05-01
RADB,106722,MEDICARE EPO,EPO,MEDICARE,2026-05-01
RADG,106731,MEDICARE MCDASSIGN,MCDASSIGN,MEDICARE,2026-05-01
RADC,106737,CIGNA MCDASSIGN,MCDASSIGN,CIGNA,2026-05-01
RADC,106740,BCBS HDHP,HDHP,BCBS,2026-05-01
RADL,106749,BCBS MCDASSIGN,MCDASSIGN,BCBS,2026-05-01
RADC,106757,OSCAR HMO,HMO,OSCAR,2026-05-01
RADH,106762,AETNA MCDASSIGN,MCDASSIGN,AETNA,2026-05-01
TRI,106769,CIGNA TPA,TPA,CIGNA,2026-05-01
NRA,106772,MEDICARE EPO,EPO,MEDICARE,2026-05-01
RASFA,106779,COMMERCIAL EPO,EPO,COMMERCIAL,2026-05-01
NRA,106783,AETNA MCDASSIGN,MCDASSIGN,AETNA,2026-05-01
RADG,106789,BCBS HMO,HMO,BCBS,2026-05-01
RADZ,106791,BCBS MCDASSIGN,MCDASSIGN,BCBS,2026-05-01
PMR,106793,UNITED INDEMNITY,INDEMNITY,UNITED,2026-05-01
RADN,106800,HUMANA HDHP,HDHP,HUMANA,2026-05-01
PMR,106805,MEDICAID PPO,PPO,MEDICAID,2026-05-01
CIRPA,106808,BCBS INDEMNITY,INDEMNITY,BCBS,2026-05-01
ACRB,106816,HUMANA INDEMNITY,INDEMNITY,HUMANA,2026-05-01
PMR,106824,BCBS POS,POS,BCBS,2026-05-01
ESR,106829,UNITED INDEMNITY,INDEMNITY,UNITED,2026-05-01
SAPA,106832,BCBS POS,POS,BCBS,2026-05-01
RADH,106838,AETNA TPA,TPA,AETNA,2026-05-01
PMR,106847,BCBS POS,POS,BCBS,2026-05-01
RADX,106848,BCBS MCRASSIGN,MCRASSIGN,BCBS,2026-05-01
RADF,106849,MEDICAID COMM,COMM,MEDICAID,2026-05-01
RADA,106858,BCBS HDHP,HDHP,BCBS,2026-05-01
PMR,106863,CIGNA INDEMNITY,INDEMNITY,CIGNA,2026-05-01
ESR,106870,CIGNA COMM,COMM,CIGNA,2026-05-01
RASFA,106878,BCBS PPO,PPO,BCBS,2026-05-01
RADX,106885,UNITED TPA,TPA,UNITED,2026-05-01
RADR,106890,AETNA TPA,TPA,AETNA,2026-05-01
RADQ,106892,MEDICARE EPO,EPO,MEDICARE,2026-05-01
RADC,106897,AETNA INDEMNITY,INDEMNITY,AETNA,2026-05-01
RADO,106906,CIGNA EPO,EPO,CIGNA,2026-05-01
RADE,106913,WELLCARE EPO,EPO,WELLCARE,2026-05-01
RADZ,106919,BCBS HDHP,HDHP,BCBS,2026-05-01
RADE,106923,COMMERCIAL COMM,COMM,COMMERCIAL,2026-05-01
GSIA,106928,COVENTRY EPO,EPO,COVENTRY,2026-05-01
NRAA,106930,UNITED MCDASSIGN,MCDASSIGN,UNITED,2026-05-01
RADR,106938,COVENTRY HDHP,HDHP,COVENTRY,2026-05-01
RADP,106945,AETNA POS,POS,AETNA,2026-05-01
RASFA,106954,MEDICARE MCDASSIGN,MCDASSIGN,MEDICARE,2026-05-01
WRAD,106961,MEDICAID HDHP,HDHP,MEDICAID,2026-05-01
ESR,106967,BCBS POS,POS,BCBS,2026-05-01
CIRPA,106970,UNITED PPO,PPO,UNITED,2026-05-01
IAI,106971,BCBS TPA,TPA,BCBS,2026-05-01
RADB,106972,AETNA INDEMNITY,INDEMNITY,AETNA,2026-05-01
NRA,106974,CIGNA TPA,TPA,CIGNA,2026-05-01
IAI,106976,BCBS COMM,COMM,BCBS,2026-05-01
ESR,106978,BCBS TPA,TPA,BCBS,2026-05-01
PXP,106985,MEDICARE PPO,PPO,MEDICARE,2026-05-01
RADZ,106990,BCBS MCRASSIGN,MCRASSIGN,BCBS,2026-05-01
RADS2,106997,UNITED POS,POS,UNITED,2026-05-01
RADS,107000,MEDICARE HDHP,HDHP,MEDICARE,2026-05-01
RADE,107007,TRICARE COMM,COMM,TRICARE,2026-05-01
RADD,107008,MEDICARE POS,POS,MEDICARE,2026-05-01
PXP,107012,BCBS MCDASSIGN,MCDASSIGN,BCBS,2026-05-01
TRI,107013,BCBS HDHP,HDHP,BCBS,2026-05-01
NRA,107016,MEDICARE POS,POS,MEDICARE,2026-05-01
RADY,107023,MEDICAID HMO,HMO,MEDICAID,2026-05-01
RADZ,107030,COMMERCIAL POS,POS,COMMERCIAL,2026-05-01
WRAD,107031,MEDICARE COMM,COMM,MEDICARE,2026-05-01
NRAA,107033,UNITED INDEMNITY,INDEMNITY,UNITED,2026-05-01
GRH,107034,TRICARE INDEMNITY,INDEMNITY,TRICARE,2026-05-01
RADN,107042,AMBETTER MCDASSIGN,MCDASSIGN,AMBETTER,2026-05-01
WRAD,107051,CIGNA MCDASSIGN,MCDASSIGN,CIGNA,2026-05-01
RADQ,107053,CENTENE EPO,EPO,CENTENE,2026-05-01
RADD,107062,BCBS INDEMNITY,INDEMNITY,BCBS,2026-05-01
RADS2,107070,WELLCARE POS,POS,WELLCARE,2026-05-01
RADX,107076,HUMANA POS,POS,HUMANA,2026-05-01
RADS2,107084,AETNA EPO,EPO,AETNA,2026-05-01
RADA,107092,CIGNA COMM,COMM,CIGNA,2026-05-01
CRC,107096,UNITED HMO,HMO,UNITED,2026-05-01
RADG,107099,HUMANA HDHP,HDHP,HUMANA,2026-05-01
RADQ,107100,BCBS MCDASSIGN,MCDASSIGN,BCBS,2026-05-01
RADM,107101,MEDICARE INDEMNITY,INDEMNITY,MEDICARE,2026-05-01
RADB,107105,MEDICAID MCDASSIGN,MCDASSIGN,MEDICAID,2026-05-01
NRAA,107113,OSCAR MCRASSIGN,MCRASSIGN,OSCAR,2026-05-01
RADI2,107119,MEDICARE HMO,HMO,MEDICARE,2026-05-01
IAI,107123,BCBS COMM,COMM,BCBS,2026-05-01
RADK,107128,MEDICARE PPO,PPO,MEDICARE,2026-05-01
RADC,107131,BCBS TPA,TPA,BCBS,2026-05-01
NRA,107137,WELLCARE HMO,HMO,WELLCARE,2026-05-01
RADS,107141,UNITED PPO,PPO,UNITED,2026-05-01
WRAD,107148,MEDICARE EPO,EPO,MEDICARE,2026-05-01
RADP,107157,HUMANA MCRASSIGN,MCRASSIGN,HUMANA,2026-05-01
SMED,107164,HUMANA POS,POS,HUMANA,2026-05-01
RADX,107167,COMMERCIAL COMM,COMM,COMMERCIAL,2026-05-01
RADI,107174,UNITED HDHP,HDHP,UNITED,2026-05-01
IAI,107175,BCBS POS,POS,BCBS,2026-05-01
RADI,107176,COMMERCIAL POS,POS,COMMERCIAL,2026-05-01
RADI,107181,BCBS HDHP,HDHP,BCBS,2026-05-01
RADI2,107188,BRIGHT HEALTH PPO,PPO,BRIGHT HEALTH,2026-05-01
RADY,107193,CIGNA TPA,TPA,CIGNA,2026-05-01
RADK,107197,MOLINA INDEMNITY,INDEMNITY,MOLINA,2026-05-01
RADK,107204,HUMANA HDHP,HDHP,HUMANA,2026-05-01
RADC,107205,CIGNA POS,POS,CIGNA,2026-05-01
RADB,107212,MEDICARE POS,POS,MEDICARE,2026-05-01
GRH,107214,UNITED TPA,TPA,UNITED,2026-05-01
RADS,107221,BCBS HDHP,HDHP,BCBS,2026-05-01
CRC,107222,UNITED POS,POS,UNITED,2026-05-01
NRA,107224,UNITED HDHP,HDHP,UNITED,2026-05-01
RADA,107226,BCBS EPO,EPO,BCBS,2026-05-01
RADM,107231,UNITED HDHP,HDHP,UNITED,2026-05-01
SAPA,107238,BCBS MCRASSIGN,MCRASSIGN,BCBS,2026-05-01
RADE,107247,BCBS HDHP,HDHP,BCBS,2026-05-01
RADE,107254,AETNA TPA,TPA,AETNA,2026-05-01
RADL,107260,MEDICAID HMO,HMO,MEDICAID,2026-05-01
RADS2,107269,BCBS MCRASSIGN,MCRASSIGN,BCBS,2026-05-01
GRH,107274,CIGNA HMO,HMO,CIGNA,2026-05-01
ACRB,107281,BCBS POS,POS,BCBS,2026-05-01
RADS,107290,COMMERCIAL COMM,COMM,COMMERCIAL,2026-05-01
ESR,107295,UNITED EPO,EPO,UNITED,2026-05-01
IAI,107300,BCBS HDHP,HDHP,BCBS,2026-05-01
GSIA,107307,MEDICARE COMM,COMM,MEDICARE,2026-05-01
IAI,107314,AETNA TPA,TPA,AETNA,2026-05-01
NRA,107321,COMMERCIAL HMO,HMO,COMMERCIAL,2026-05-01
PXP,107327,BCBS TPA,TPA,BCBS,2026-05-01
NRA,107333,WELLCARE HMO,HMO,WELLCARE,2026-05-01
RADR,107340,CENTENE HMO,HMO,CENTENE,2026-05-01
RADC,107343,CIGNA PPO,PPO,CIGNA,2026-05-01
TRI,107347,CIGNA INDEMNITY,INDEMNITY,CIGNA,2026-05-01
RADC,107356,MEDICARE POS,POS,MEDICARE,2026-05-01
RADS2,107358,CIGNA HDHP,HDHP,CIGNA,2026-05-01
RADI,107362,MEDICARE PPO,PPO,MEDICARE,2026-05-01
RADT,107368,MEDICARE MCDASSIGN,MCDASSIGN,MEDICARE,2026-05-01
RADQ,107377,MEDICAID HMO,HMO,MEDICAID,2026-05-01
RADM,107385,UNITED PPO,PPO,UNITED,2026-05-01
RADB,107388,AETNA MCDASSIGN,MCDASSIGN,AETNA,2026-05-01
RASFA,107395,BCBS EPO,EPO,BCBS,2026-05-01
NRA,107398,BCBS TPA,TPA,BCBS,2026-05-01
RADK,107402,HUMANA TPA,TPA,HUMANA,2026-05-01
NRA,107411,BCBS HMO,HMO,BCBS,2026-05-01
RADQ,107419,UNITED COMM,COMM,UNITED,2026-05-01
RADZ,107421,HUMANA MCRASSIGN,MCRASSIGN,HUMANA,2026-05-01
IAI,107429,BRIGHT HEALTH TPA,TPA,BRIGHT HEALTH,2026-05-01
RADP,107432,BCBS INDEMNITY,INDEMNITY,BCBS,2026-05-01
NRA,107435,CIGNA EPO,EPO,CIGNA,2026-05-01
RADB,107441,BCBS EPO,EPO,BCBS,2026-05-01
RADR,107444,MEDICARE EPO,EPO,MEDICARE,2026-05-01
RADH,107452,BRIGHT HEALTH POS,POS,BRIGHT HEALTH,2026-05-01
GSIA,107454,OSCAR EPO,EPO,OSCAR,2026-05-01
RADH,107461,HUMANA HMO,HMO,HUMANA,2026-05-01
CIRPA,107466,TRICARE COMM,COMM,TRICARE,2026-05-01
RADE,107473,HUMANA INDEMNITY,INDEMNITY,HUMANA,2026-05-01
ACR,107478,BCBS EPO,EPO,BCBS,2026-05-01
RADK,107487,UNITED PPO,PPO,UNITED,2026-05-01
RADA,107488,CENTENE EPO,EPO,CENTENE,2026-05-01
SMED,107497,UNITED MCDASSIGN,MCDASSIGN,UNITED,2026-05-01
RADI,107503,MEDICARE POS,POS,MEDICARE,2026-05-01
RADO,107512,AETNA TPA,TPA,AETNA,2026-05-01
RADO,107521,UNITED HDHP,HDHP,UNITED,2026-05-01
RADE,107528,BCBS MCDASSIGN,MCDASSIGN,BCBS,2026-05-01
RADS2,107533,AETNA PPO,PPO,AETNA,2026-05-01
RADU,107535,BCBS INDEMNITY,INDEMNITY,BCBS,2026-05-01
RADQ,107541,CIGNA EPO,EPO,CIGNA,2026-05-01
WRAD,107548,CIGNA POS,POS,CIGNA,2026-05-01
ACR,107554,UNITED HDHP,HDHP,UNITED,2026-05-01
RADT,107556,MEDICARE POS,POS,MEDICARE,2026-05-01
GRH,107562,AETNA PPO,PPO,AETNA,2026-05-01
RADO,107569,HUMANA HMO,HMO,HUMANA,2026-05-01
RADL,107573,CIGNA POS,POS,CIGNA,2026-05-01
RADL,107582,CIGNA HMO,HMO,CIGNA,2026-05-01
CIRPA,107591,BCBS PPO,PPO,BCBS,2026-05-01
RADH,107599,BCBS COMM,COMM,BCBS,2026-05-01
RADS,107608,BCBS TPA,TPA,BCBS,2026-05-01
IAI,107613,CENTENE EPO,EPO,CENTENE,2026-05-01
RADR,107619,AETNA POS,POS,AETNA,2026-05-01
RADR,107628,UNITED MCRASSIGN,MCRASSIGN,UNITED,2026-05-01
RADK,107635,AETNA EPO,EPO,AETNA,2026-05-01
RADT,107636,MAGELLAN PPO,PPO,MAGELLAN,2026-05-01
PMR,107640,BCBS HDHP,HDHP,BCBS,2026-05-01
NRAA,107645,AETNA MCDASSIGN,MCDASSIGN,AETNA,2026-05-01
PMR,107649,CIGNA COMM,COMM,CIGNA,2026-05-01
NRAA,107651,MEDICARE TPA,TPA,MEDICARE,2026-05-01
ESR,107659,BCBS TPA,TPA,BCBS,2026-05-01
RADK,107664,BCBS TPA,TPA,BCBS,2026-05-01
SAPA,107671,CIGNA MCRASSIGN,MCRASSIGN,CIGNA,2026-05-01
ESR,107672,COMMERCIAL MCDASSIGN,MCDASSIGN,COMMERCIAL,2026-05-01
RADR,107681,OSCAR TPA,TPA,OSCAR,2026-05-01
RADS2,107687,BCBS TPA,TPA,BCBS,2026-05-01
RADN,107694,UNITED EPO,EPO,UNITED,2026-05-01
NRAA,107698,BRIGHT HEALTH INDEMNITY,INDEMNITY,BRIGHT HEALTH,2026-05-01
RADQ,107705,CIGNA PPO,PPO,CIGNA,2026-05-01
RADI,107713,MEDICARE INDEMNITY,INDEMNITY,MEDICARE,2026-05-01
RADL,107722,UNITED EPO,EPO,UNITED,2026-05-01
RADD,107723,CIGNA HMO,HMO,CIGNA,2026-05-01
RADC,107728,BCBS HMO,HMO,BCBS,2026-05-01
WRAD,107730,MOLINA COMM,COMM,MOLINA,2026-05-01
RADJ,107734,MEDICARE PPO,PPO,MEDICARE,2026-05-01
RADS2,107743,UNITED INDEMNITY,INDEMNITY,UNITED,2026-05-01
RADS,107744,UNITED TPA,TPA,UNITED,2026-05-01
RADG,107752,BCBS HDHP,HDHP,BCBS,2026-05-01
MRB,107753,MEDICARE EPO,EPO,MEDICARE,2026-05-01
WRAD,107755,BCBS MCRASSIGN,MCRASSIGN,BCBS,2026-05-01
RADK,107760,AETNA INDEMNITY,INDEMNITY,AETNA,2026-05-01
RADH,107765,MEDICARE TPA,TPA,MEDICARE,2026-05-01
MRB,107769,TRICARE HDHP,HDHP,TRICARE,2026-05-01
RASFA,107772,AETNA HMO,HMO,AETNA,2026-05-01
RADU,107775,UNITED PPO,PPO,UNITED,2026-05-01
RADR,107779,COMMERCIAL INDEMNITY,INDEMNITY,COMMERCIAL,2026-05-01
RADK,107782,AETNA MCDASSIGN,MCDASSIGN,AETNA,2026-05-01
RADA,107783,AETNA INDEMNITY,INDEMNITY,AETNA,2026-05-01
RADY,107792,BCBS POS,POS,BCBS,2026-05-01
RADH,107800,HUMANA TPA,TPA,HUMANA,2026-05-01
RADK,107808,BCBS MCDASSIGN,MCDASSIGN,BCBS,2026-05-01
RADF,107809,AETNA INDEMNITY,INDEMNITY,AETNA,2026-05-01
GSIA,107815,MEDICARE PPO,PPO,MEDICARE,2026-05-01
RADN,107818,AETNA COMM,COMM,AETNA,2026-05-01
WRAD,107822,BCBS INDEMNITY,INDEMNITY,BCBS,2026-05-01
RADB,107824,MEDICARE HDHP,HDHP,MEDICARE,2026-05-01
RADB,107828,UNITED POS,POS,UNITED,2026-05-01
RADE,107831,BCBS HMO,HMO,BCBS,2026-05-01
SAPA,107832,MOLINA COMM,COMM,MOLINA,2026-05-01
RADP,107836,MEDICAID INDEMNITY,INDEMNITY,MEDICAID,2026-05-01
RADA,107838,MEDICAID MCRASSIGN,MCRASSIGN,MEDICAID,2026-05-01
RADG,107840,AETNA MCDASSIGN,MCDASSIGN,AETNA,2026-05-01
PMR,107849,BCBS HMO,HMO,BCBS,2026-05-01
RADQ,107856,UNITED MCDASSIGN,MCDASSIGN,UNITED,2026-05-01
SMED,107860,COVENTRY MCRASSIGN,MCRASSIGN,COVENTRY,2026-05-01
CRC,107868,MEDICAID MCRASSIGN,MCRASSIGN,MEDICAID,2026-05-01
RASFA,107872,UNITED HMO,HMO,UNITED,2026-05-01
RADB,107876,BCBS POS,POS,BCBS,2026-05-01
NRA,107880,HUMANA TPA,TPA,HUMANA,2026-05-01
RADI2,107882,COMMERCIAL MCDASSIGN,MCDASSIGN,COMMERCIAL,2026-05-01
WRAD,107886,UNITED MCDASSIGN,MCDASSIGN,UNITED,2026-05-01
RADB,107888,AETNA POS,POS,AETNA,2026-05-01
RADD,107891,CIGNA HMO,HMO,CIGNA,2026-05-01
RADT,107893,HUMANA MCRASSIGN,MCRASSIGN,HUMANA,2026-05-01
RADC,107897,MEDICARE MCRASSIGN,MCRASSIGN,MEDICARE,2026-05-01
RADS,107899,UNITED COMM,COMM,UNITED,2026-05-01
RADI,107906,UNITED COMM,COMM,UNITED,2026-05-01
RADB,107912,MEDICAID POS,POS,MEDICAID,2026-05-01
RADP,107921,UNITED INDEMNITY,INDEMNITY,UNITED,2026-05-01
GSIA,107927,HUMANA MCRASSIGN,MCRASSIGN,HUMANA,2026-05-01
RADH,107935,COMMERCIAL HDHP,HDHP,COMMERCIAL,2026-05-01
CIRPA,107938,MEDICARE POS,POS,MEDICARE,2026-05-01
RADH,107946,MEDICARE TPA,TPA,MEDICARE,2026-05-01
RADZ,107948,MEDICARE TPA,TPA,MEDICARE,2026-05-01
RASFA,107951,COMMERCIAL COMM,COMM,COMMERCIAL,2026-05-01
RADS2,107957,COMMERCIAL HMO,HMO,COMMERCIAL,2026-05-01
ACRB,107961,BCBS COMM,COMM,BCBS,2026-05-01
RADO,107962,MEDICARE TPA,TPA,MEDICARE,2026-05-01
NRAA,107971,HUMANA EPO,EPO,HUMANA,2026-05-01
RADL,107976,BCBS MCRASSIGN,MCRASSIGN,BCBS,2026-05-01
RADC,107985,AETNA MCRASSIGN,MCRASSIGN,AETNA,2026-05-01
PMR,107987,TRICARE MCDASSIGN,MCDASSIGN,TRICARE,2026-05-01
RADO,107993,MEDICAID INDEMNITY,INDEMNITY,MEDICAID,2026-05-01
RADI,107996,MEDICAID MCDASSIGN,MCDASSIGN,MEDICAID,2026-05-01
CIRPA,108005,MEDICAID HMO,HMO,MEDICAID,2026-05-01
RASFA,108012,CIGNA MCDASSIGN,MCDASSIGN,CIGNA,2026-05-01
RADR,108016,AETNA POS,POS,AETNA,2026-05-01
RADS,108018,MEDICARE PPO,PPO,MEDICARE,2026-05-01
TRI,108019,WELLCARE INDEMNITY,INDEMNITY,WELLCARE,2026-05-01
MRB,108025,BCBS PPO,PPO,BCBS,2026-05-01
RADZ,108034,AETNA HMO,HMO,AETNA,2026-05-01
RADS2,108037,TRICARE MCRASSIGN,MCRASSIGN,TRICARE,2026-05-01
RADH,108043,MOLINA MCRASSIGN,MCRASSIGN,MOLINA,2026-05-01
RADF,108048,MEDICARE EPO,EPO,MEDICARE,2026-05-01
IAI,108056,UNITED TPA,TPA,UNITED,2026-05-01
WRAD,108057,UNITED TPA,TPA,UNITED,2026-05-01
RADK,108062,UNITED EPO,EPO,UNITED,2026-05-01
RADM,108065,UNITED INDEMNITY,INDEMNITY,UNITED,2026-05-01
NRAA,108066,BCBS PPO,PPO,BCBS,2026-05-01
RADL,108071,UNITED COMM,COMM,UNITED,2026-05-01
RADM,108074,AETNA POS,POS,AETNA,2026-05-01
GSIA,108082,COMMERCIAL INDEMNITY,INDEMNITY,COMMERCIAL,2026-05-01
SMED,108087,COMMERCIAL INDEMNITY,INDEMNITY,COMMERCIAL,2026-05-01
RADS2,108092,AETNA PPO,PPO,AETNA,2026-05-01
CRC,108100,BCBS INDEMNITY,INDEMNITY,BCBS,2026-05-01
RADR,108105,UNITED COMM,COMM,UNITED,2026-05-01
RADQ,108113,UNITED TPA,TPA,UNITED,2026-05-01
GSIA,108114,MOLINA COMM,COMM,MOLINA,2026-05-01
PXP,108120,AETNA COMM,COMM,AETNA,2026-05-01
RADL,108128,BCBS POS,POS,BCBS,2026-05-01
WRAD,108134,BCBS TPA,TPA,BCBS,2026-05-01
RADC,108137,BCBS PPO,PPO,BCBS,2026-05-01
RADZ,108146,BCBS POS,POS,BCBS,2026-05-01
RADA,108149,UNITED PPO,PPO,UNITED,2026-05-01
RADC,108158,HUMANA EPO,EPO,HUMANA,2026-05-01
RADR,108164,BCBS HDHP,HDHP,BCBS,2026-05-01
PMR,108169,HUMANA HMO,HMO,HUMANA,2026-05-01
SMED,108172,OSCAR MCDASSIGN,MCDASSIGN,OSCAR,2026-05-01
PXP,108176,COMMERCIAL HMO,HMO,COMMERCIAL,2026-05-01
RADN,108177,MEDICARE HDHP,HDHP,MEDICARE,2026-05-01
RADJ,108184,MEDICARE PPO,PPO,MEDICARE,2026-05-01
PMR,108188,BCBS HDHP,HDHP,BCBS,2026-05-01
SAPA,108197,BCBS INDEMNITY,INDEMNITY,BCBS,2026-05-01
MRB,108205,WELLCARE INDEMNITY,INDEMNITY,WELLCARE,2026-05-01
NRAA,108207,BCBS PPO,PPO,BCBS,2026-05-01
SAPA,108213,CIGNA HDHP,HDHP,CIGNA,2026-05-01
RADO,108222,UNITED EPO,EPO,UNITED,2026-05-01
RADJ,108230,HUMANA HDHP,HDHP,HUMANA,2026-05-01
RADJ,108237,HUMANA TPA,TPA,HUMANA,2026-05-01
RADF,108241,MEDICAID MCRASSIGN,MCRASSIGN,MEDICAID,2026-05-01
IAI,108248,BCBS INDEMNITY,INDEMNITY,BCBS,2026-05-01
RADG,108252,MEDICARE MCDASSIGN,MCDASSIGN,MEDICARE,2026-05-01
RADR,108255,CIGNA POS,POS,CIGNA,2026-05-01
GRH,108259,COMMERCIAL HMO,HMO,COMMERCIAL,2026-05-01
RADB,108262,CIGNA MCDASSIGN,MCDASSIGN,CIGNA,2026-05-01
RADQ,108269,UNITED POS,POS,UNITED,2026-05-01
CIRPA,108276,HUMANA INDEMNITY,INDEMNITY,HUMANA,2026-05-01
RADS2,108283,MEDICAID MCRASSIGN,MCRASSIGN,MEDICAID,2026-05-01
RADS,108287,UNITED HDHP,HDHP,UNITED,2026-05-01
SAPA,108294,BCBS PPO,PPO,BCBS,2026-05-01
SAPA,108300,HUMANA HMO,HMO,HUMANA,2026-05-01
PXP,108301,UNITED EPO,EPO,UNITED,2026-05-01
RADA,108302,CIGNA POS,POS,CIGNA,2026-05-01
NRAA,108307,UNITED MCRASSIGN,MCRASSIGN,UNITED,2026-05-01
RADT,108312,UNITED TPA,TPA,UNITED,2026-05-01
PMR,108318,COMMERCIAL EPO,EPO,COMMERCIAL,2026-05-01
IAI,108323,MEDICAID COMM,COMM,MEDICAID,2026-05-01
RADG,108332,MEDICARE TPA,TPA,MEDICARE,2026-05-01
ACRB,108336,UNITED MCDASSIGN,MCDASSIGN,UNITED,2026-05-01
ACRB,108343,BCBS EPO,EPO,BCBS,2026-05-01
RADX,108352,UNITED TPA,TPA,UNITED,2026-05-01
IAI,108361,MEDICARE TPA,TPA,MEDICARE,2026-05-01
RADP,108364,BCBS HMO,HMO,BCBS,2026-05-01
RADJ,108366,MEDICARE POS,POS,MEDICARE,2026-05-01
RADE,108367,MEDICARE HMO,HMO,MEDICARE,2026-05-01
RADC,108374,MEDICARE POS,POS,MEDICARE,2026-05-01
RADP,108376,CENTENE INDEMNITY,INDEMNITY,CENTENE,2026-05-01
RADD,108378,BCBS TPA,TPA,BCBS,2026-05-01
RADH,108385,AETNA EPO,EPO,AETNA,2026-05-01
RASFA,108393,MOLINA PPO,PPO,MOLINA,2026-05-01
RADN,108397,UNITED POS,POS,UNITED,2026-05-01
RADZ,108400,AETNA HDHP,HDHP,AETNA,2026-05-01
RADX,108406,UNITED HMO,HMO,UNITED,2026-05-01
NRA,108412,CIGNA COMM,COMM,CIGNA,2026-05-01
GSIA,108417,BCBS COMM,COMM,BCBS,2026-05-01
RADU,108422,AETNA HMO,HMO,AETNA,2026-05-01
IAI,108425,CIGNA EPO,EPO,CIGNA,2026-05-01
RADH,108431,BCBS MCDASSIGN,MCDASSIGN,BCBS,2026-05-01
SAPA,108436,CIGNA TPA,TPA,CIGNA,2026-05-01
RADS2,108442,BRIGHT HEALTH MCDASSIGN,MCDASSIGN,BRIGHT HEALTH,2026-05-01
IAI,108444,BCBS EPO,EPO,BCBS,2026-05-01
CIRPA,108446,UNITED COMM,COMM,UNITED,2026-05-01
RADO,108452,BCBS MCDASSIGN,MCDASSIGN,BCBS,2026-05-01
ACR,108456,MAGELLAN EPO,EPO,MAGELLAN,2026-05-01
RADO,108465,MEDICARE COMM,COMM,MEDICARE,2026-05-01
RADX,108469,MEDICARE PPO,PPO,MEDICARE,2026-05-01
GRH,108475,AETNA POS,POS,AETNA,2026-05-01
PXP,108476,COVENTRY MCDASSIGN,MCDASSIGN,COVENTRY,2026-05-01
SMED,108478,MEDICARE HMO,HMO,MEDICARE,2026-05-01
RADL,108479,MEDICARE POS,POS,MEDICARE,2026-05-01
RADG,108486,BCBS TPA,TPA,BCBS,2026-05-01
RADD,108490,MEDICAID EPO,EPO,MEDICAID,2026-05-01
RADS,108498,BCBS PPO,PPO,BCBS,2026-05-01
RADL,108502,BCBS HMO,HMO,BCBS,2026-05-01
ESR,108503,UNITED POS,POS,UNITED,2026-05-01
TRI,108509,AETNA TPA,TPA,AETNA,2026-05-01
MRB,108510,UNITED INDEMNITY,INDEMNITY,UNITED,2026-05-01
NRAA,108512,CIGNA MCRASSIGN,MCRASSIGN,CIGNA,2026-05-01
GRH,108514,BCBS HMO,HMO,BCBS,2026-05-01
RADB,108517,BCBS TPA,TPA,BCBS,2026-05-01
PXP,108521,UNITED MCDASSIGN,MCDASSIGN,UNITED,2026-05-01
CRC,108527,AETNA TPA,TPA,AETNA,2026-05-01
GSIA,108528,MEDICARE EPO,EPO,MEDICARE,2026-05-01
CRC,108533,MEDICAID COMM,COMM,MEDICAID,2026-05-01
SMED,108540,AETNA COMM,COMM,AETNA,2026-05-01
CIRPA,108544,AETNA COMM,COMM,AETNA,2026-05-01
RADU,108549,MEDICAID COMM,COMM,MEDICAID,2026-05-01
RADY,108552,MEDICARE PPO,PPO,MEDICARE,2026-05-01
RADG,108559,CENTENE MCRASSIGN,MCRASSIGN,CENTENE,2026-05-01
RADU,108567,CIGNA HMO,HMO,CIGNA,2026-05-01
RADS2,108569,BCBS EPO,EPO,BCBS,2026-05-01
RADA,108570,CIGNA INDEMNITY,INDEMNITY,CIGNA,2026-05-01
RADT,108575,BCBS INDEMNITY,INDEMNITY,BCBS,2026-05-01
RADA,108582,CIGNA COMM,COMM,CIGNA,2026-05-01
RADL,108590,AETNA TPA,TPA,AETNA,2026-05-01
RADG,108597,BCBS INDEMNITY,INDEMNITY,BCBS,2026-05-01
RADO,108604,UNITED MCRASSIGN,MCRASSIGN,UNITED,2026-05-01
RADH,108611,COMMERCIAL COMM,COMM,COMMERCIAL,2026-05-01
RADL,108619,MEDICARE MCRASSIGN,MCRASSIGN,MEDICARE,2026-05-01
RADI,108624,MEDICAID PPO,PPO,MEDICAID,2026-05-01
TRI,108632,BCBS HMO,HMO,BCBS,2026-05-01
NRA,108634,BCBS HMO,HMO,BCBS,2026-05-01
IAI,108638,HUMANA HMO,HMO,HUMANA,2026-05-01
MRB,108639,BCBS HMO,HMO,BCBS,2026-05-01
RADN,108645,UNITED EPO,EPO,UNITED,2026-05-01
RADM,108646,COVENTRY HMO,HMO,COVENTRY,2026-05-01
RADE,108652,AETNA COMM,COMM,AETNA,2026-05-01
RADT,108655,MEDICARE MCDASSIGN,MCDASSIGN,MEDICARE,2026-05-01
ESR,108662,BCBS TPA,TPA,BCBS,2026-05-01
RADS,108667,MEDICAID EPO,EPO,MEDICAID,2026-05-01
SAPA,108675,HUMANA PPO,PPO,HUMANA,2026-05-01
NRAA,108679,AMBETTER HMO,HMO,AMBETTER,2026-05-01
RADY,108682,BCBS INDEMNITY,INDEMNITY,BCBS,2026-05-01
RADE,108685,MEDICARE MCDASSIGN,MCDASSIGN,MEDICARE,2026-05-01
RADO,108688,TRICARE POS,POS,TRICARE,2026-05-01
RADO,108691,CIGNA MCRASSIGN,MCRASSIGN,CIGNA,2026-05-01
RADC,108698,HUMANA MCRASSIGN,MCRASSIGN,HUMANA,2026-05-01
RADY,108703,HUMANA EPO,EPO,HUMANA,2026-05-01
RASFA,108705,BCBS MCDASSIGN,MCDASSIGN,BCBS,2026-05-01
ACR,108714,BCBS HDHP,HDHP,BCBS,2026-05-01
WRAD,108716,UNITED INDEMNITY,INDEMNITY,UNITED,2026-05-01
PMR,108724,MEDICAID PPO,PPO,MEDICAID,2026-05-01
RADR,108733,COMMERCIAL POS,POS,COMMERCIAL,2026-05-01
RADU,108737,HUMANA COMM,COMM,HUMANA,2026-05-01
RADD,108746,CIGNA HDHP,HDHP,CIGNA,2026-05-01
RADO,108751,MEDICAID PPO,PPO,MEDICAID,2026-05-01
RADJ,108758,CIGNA POS,POS,CIGNA,2026-05-01
WRAD,108759,MEDICARE INDEMNITY,INDEMNITY,MEDICARE,2026-05-01
RADU,108766,COMMERCIAL POS,POS,COMMERCIAL,2026-05-01
RADI2,108767,AMBETTER MCRASSIGN,MCRASSIGN,AMBETTER,2026-05-01
RADI2,108769,AETNA HDHP,HDHP,AETNA,2026-05-01
RADB,108775,AETNA MCRASSIGN,MCRASSIGN,AETNA,2026-05-01
RADO,108781,AETNA EPO,EPO,AETNA,2026-05-01
RADF,108787,MEDICARE HDHP,HDHP,MEDICARE,2026-05-01
RADC,108789,BCBS TPA,TPA,BCBS,2026-05-01
NRAA,108793,BCBS POS,POS,BCBS,2026-05-01
TRI,108799,HUMANA INDEMNITY,INDEMNITY,HUMANA,2026-05-01
RADM,108806,HUMANA INDEMNITY,INDEMNITY,HUMANA,2026-05-01
GSIA,108814,CIGNA HDHP,HDHP,CIGNA,2026-05-01
NRAA,108816,BCBS INDEMNITY,INDEMNITY,BCBS,2026-05-01
WRAD,108822,BCBS MCRASSIGN,MCRASSIGN,BCBS,2026-05-01
RADP,108825,AMBETTER HDHP,HDHP,AMBETTER,2026-05-01
TRI,108828,BCBS PPO,PPO,BCBS,2026-05-01
WRAD,108836,COMMERCIAL MCDASSIGN,MCDASSIGN,COMMERCIAL,2026-05-01
PMR,108842,UNITED COMM,COMM,UNITED,2026-05-01
ESR,108846,UNITED MCDASSIGN,MCDASSIGN,UNITED,2026-05-01
RADY,108850,UNITED TPA,TPA,UNITED,2026-05-01
RADP,108852,AETNA COMM,COMM,AETNA,2026-05-01
WRAD,108859,CIGNA COMM,COMM,CIGNA,2026-05-01
RADP,108868,MEDICARE TPA,TPA,MEDICARE,2026-05-01
PXP,108870,MEDICARE MCDASSIGN,MCDASSIGN,MEDICARE,2026-05-01
RADS2,108873,MEDICARE HMO,HMO,MEDICARE,2026-05-01
NRAA,108874,BCBS MCDASSIGN,MCDASSIGN,BCBS,2026-05-01
ACRB,108881,HUMANA POS,POS,HUMANA,2026-05-01
RADA,108888,MEDICAID COMM,COMM,MEDICAID,2026-05-01
RADI2,108889,MEDICAID PPO,PPO,MEDICAID,2026-05-01
CIRPA,108892,AETNA EPO,EPO,AETNA,2026-05-01
GRH,108898,CIGNA HDHP,HDHP,CIGNA,2026-05-01
RADP,108901,BCBS HMO,HMO,BCBS,2026-05-01
RADQ,108905,MEDICAID TPA,TPA,MEDICAID,2026-05-01
TRI,108909,BCBS HDHP,HDHP,BCBS,2026-05-01
WRAD,108918,MEDICAID POS,POS,MEDICAID,2026-05-01
RADH,108922,CIGNA PPO,PPO,CIGNA,2026-05-01
RADZ,108925,HUMANA INDEMNITY,INDEMNITY,HUMANA,2026-05-01
RADL,108929,BCBS MCDASSIGN,MCDASSIGN,BCBS,2026-05-01
RADA,108936,BCBS HMO,HMO,BCBS,2026-05-01
RADQ,108944,UNITED INDEMNITY,INDEMNITY,UNITED,2026-05-01
RADJ,108950,AETNA COMM,COMM,AETNA,2026-05-01
RADG,108954,UNITED MCDASSIGN,MCDASSIGN,UNITED,2026-05-01
RADJ,108957,OSCAR POS,POS,OSCAR,2026-05-01
RADI2,108961,HUMANA EPO,EPO,HUMANA,2026-05-01
ACR,108969,BCBS MCRASSIGN,MCRASSIGN,BCBS,2026-05-01
RADE,108978,AMBETTER POS,POS,AMBETTER,2026-05-01
IAI,108987,AETNA MCRASSIGN,MCRASSIGN,AETNA,2026-05-01
RASFA,108991,BCBS HDHP,HDHP,BCBS,2026-05-01
CRC,108993,AETNA PPO,PPO,AETNA,2026-05-01
RADP,109000,MEDICARE INDEMNITY,INDEMNITY,MEDICARE,2026-05-01
ACRB,109009,MEDICARE EPO,EPO,MEDICARE,2026-05-01
RADS,109014,BCBS HMO,HMO,BCBS,2026-05-01
RADZ,109015,CIGNA HMO,HMO,CIGNA,2026-05-01
RADG,109024,CIGNA MCDASSIGN,MCDASSIGN,CIGNA,2026-05-01
RADG,109026,MEDICARE MCRASSIGN,MCRASSIGN,MEDICARE,2026-05-01
RADF,109027,BCBS TPA,TPA,BCBS,2026-05-01
SMED,109036,MEDICARE MCDASSIGN,MCDASSIGN,MEDICARE,2026-05-01
RADF,109042,BCBS EPO,EPO,BCBS,2026-05-01
RADZ,109051,CIGNA INDEMNITY,INDEMNITY,CIGNA,2026-05-01
RADK,109060,COMMERCIAL MCRASSIGN,MCRASSIGN,COMMERCIAL,2026-05-01
WRAD,109068,COMMERCIAL POS,POS,COMMERCIAL,2026-05-01
CRC,109069,AETNA PPO,PPO,AETNA,2026-05-01
PMR,109070,MOLINA INDEMNITY,INDEMNITY,MOLINA,2026-05-01
ACR,109077,UNITED TPA,TPA,UNITED,2026-05-01
RADC,109085,MEDICARE HDHP,HDHP,MEDICARE,2026-05-01
RADY,109093,MEDICARE MCRASSIGN,MCRASSIGN,MEDICARE,2026-05-01
ACR,109098,BRIGHT HEALTH COMM,COMM,BRIGHT HEALTH,2026-05-01
CRC,109099,TRICARE EPO,EPO,TRICARE,2026-05-01
GSIA,109108,BCBS INDEMNITY,INDEMNITY,BCBS,2026-05-01
PMR,109112,CENTENE MCDASSIGN,MCDASSIGN,CENTENE,2026-05-01
RADN,109114,UNITED HMO,HMO,UNITED,2026-05-01
RADL,109123,COMMERCIAL TPA,TPA,COMMERCIAL,2026-05-01
GRH,109125,UNITED MCDASSIGN,MCDASSIGN,UNITED,2026-05-01
RADG,109126,MEDICARE COMM,COMM,MEDICARE,2026-05-01
CRC,109134,UNITED POS,POS,UNITED,2026-05-01
RADF,109141,UNITED COMM,COMM,UNITED,2026-05-01
RADH,109149,TRICARE COMM,COMM,TRICARE,2026-05-01
IAI,109152,COMMERCIAL HDHP,HDHP,COMMERCIAL,2026-05-01
RADF,109154,CIGNA TPA,TPA,CIGNA,2026-05-01
RADP,109161,CIGNA POS,POS,CIGNA,2026-05-01
RADU,109164,MOLINA MCDASSIGN,MCDASSIGN,MOLINA,2026-05-01
RADN,109169,UNITED INDEMNITY,INDEMNITY,UNITED,2026-05-01
RADK,109171,COMMERCIAL HDHP,HDHP,COMMERCIAL,2026-05-01
RADE,109172,CIGNA COMM,COMM,CIGNA,2026-05-01
RADR,109177,CIGNA COMM,COMM,CIGNA,2026-05-01
RASFA,109185,BCBS MCDASSIGN,MCDASSIGN,BCBS,2026-05-01
RADQ,109190,HUMANA POS,POS,HUMANA,2026-05-01
ACR,109194,AETNA COMM,COMM,AETNA,2026-05-01
NRAA,109196,CIGNA INDEMNITY,INDEMNITY,CIGNA,2026-05-01
SAPA,109202,AETNA EPO,EPO,AETNA,2026-05-01
NRA,109207,UNITED MCDASSIGN,MCDASSIGN,UNITED,2026-05-01
RADG,109216,AETNA EPO,EPO,AETNA,2026-05-01
RADC,109220,MOLINA MCRASSIGN,MCRASSIGN,MOLINA,2026-05-01
ACR,109228,CENTENE POS,POS,CENTENE,2026-05-01
RADF,109233,MAGELLAN HMO,HMO,MAGELLAN,2026-05-01
RADS,109234,COMMERCIAL POS,POS,COMMERCIAL,2026-05-01
RADR,109239,UNITED HMO,HMO,UNITED,2026-05-01
RASFA,109247,HUMANA HMO,HMO,HUMANA,2026-05-01
PXP,109250,HUMANA INDEMNITY,INDEMNITY,HUMANA,2026-05-01
NRAA,109257,BCBS EPO,EPO,BCBS,2026-05-01
TRI,109258,MEDICARE HMO,HMO,MEDICARE,2026-05-01
CIRPA,109265,BCBS INDEMNITY,INDEMNITY,BCBS,2026-05-01
RADN,109269,MEDICARE INDEMNITY,INDEMNITY,MEDICARE,2026-05-01
RADR,109270,UNITED EPO,EPO,UNITED,2026-05-01
PXP,109276,AETNA POS,POS,AETNA,2026-05-01
RADP,109278,AETNA COMM,COMM,AETNA,2026-05-01
NRA,109283,MEDICAID COMM,COMM,MEDICAID,2026-05-01
RADJ,109288,MEDICARE MCDASSIGN,MCDASSIGN,MEDICARE,2026-05-01
RADA,109289,BCBS HDHP,HDHP,BCBS,2026-05-01
ESR,109292,HUMANA PPO,PPO,HUMANA,2026-05-01
RADX,109300,CIGNA HMO,HMO,CIGNA,2026-05-01
NRA,109306,CIGNA HDHP,HDHP,CIGNA,2026-05-01
RADZ,109315,UNITED PPO,PPO,UNITED,2026-05-01
RADC,109322,MEDICARE INDEMNITY,INDEMNITY,MEDICARE,2026-05-01
CIRPA,109326,UNITED EPO,EPO,UNITED,2026-05-01
RADR,109334,COVENTRY EPO,EPO,COVENTRY,2026-05-01
SMED,109335,UNITED INDEMNITY,INDEMNITY,UNITED,2026-05-01
ACRB,109340,COMMERCIAL MCDASSIGN,MCDASSIGN,COMMERCIAL,2026-05-01
NRAA,109342,HUMANA HDHP,HDHP,HUMANA,2026-05-01
RADM,109348,HUMANA POS,POS,HUMANA,2026-05-01
RADT,109351,COMMERCIAL HDHP,HDHP,COMMERCIAL,2026-05-01
NRAA,109355,AMBETTER POS,POS,AMBETTER,2026-05-01
NRA,109362,HUMANA EPO,EPO,HUMANA,2026-05-01
IAI,109365,AETNA TPA,TPA,AETNA,2026-05-01
RADJ,109366,UNITED HMO,HMO,UNITED,2026-05-01
PMR,109372,MEDICARE COMM,COMM,MEDICARE,2026-05-01
RADY,109373,HUMANA INDEMNITY,INDEMNITY,HUMANA,2026-05-01
RADS2,109376,UNITED HMO,HMO,UNITED,2026-05-01
RADS2,109377,BCBS COMM,COMM,BCBS,2026-05-01
RADA,109384,MEDICARE COMM,COMM,MEDICARE,2026-05-01
GRH,109389,UNITED COMM,COMM,UNITED,2026-05-01
IAI,109393,CIGNA HMO,HMO,CIGNA,2026-05-01
PXP,109397,UNITED HMO,HMO,UNITED,2026-05-01
RADJ,109406,MOLINA MCDASSIGN,MCDASSIGN,MOLINA,2026-05-01
RADX,109413,AETNA PPO,PPO,AETNA,2026-05-01
IAI,109416,CIGNA MCDASSIGN,MCDASSIGN,CIGNA,2026-05-01
RADP,109424,MEDICARE HDHP,HDHP,MEDICARE,2026-05-01
WRAD,109430,CIGNA MCDASSIGN,MCDASSIGN,CIGNA,2026-05-01
RADD,109439,BCBS HDHP,HDHP,BCBS,2026-05-01
RADI2,109441,BCBS EPO,EPO,BCBS,2026-05-01
RADG,109445,AETNA PPO,PPO,AETNA,2026-05-01
WRAD,109447,MAGELLAN HDHP,HDHP,MAGELLAN,2026-05-01
RADY,109449,UNITED MCRASSIGN,MCRASSIGN,UNITED,2026-05-01
TRI,109456,UNITED COMM,COMM,UNITED,2026-05-01
MRB,109462,UNITED INDEMNITY,INDEMNITY,UNITED,2026-05-01
GRH,109471,COVENTRY INDEMNITY,INDEMNITY,COVENTRY,2026-05-01
RADJ,109476,HUMANA EPO,EPO,HUMANA,2026-05-01
RADX,109483,UNITED TPA,TPA,UNITED,2026-05-01
ACR,109485,UNITED TPA,TPA,UNITED,2026-05-01
RADI2,109488,BCBS MCDASSIGN,MCDASSIGN,BCBS,2026-05-01
RADB,109492,BCBS PPO,PPO,BCBS,2026-05-01
RADJ,109495,BCBS MCDASSIGN,MCDASSIGN,BCBS,2026-05-01
RADT,109500,UNITED EPO,EPO,UNITED,2026-05-01
PMR,109504,COMMERCIAL COMM,COMM,COMMERCIAL,2026-05-01
RADE,109513,UNITED PPO,PPO,UNITED,2026-05-01
GRH,109516,WELLCARE INDEMNITY,INDEMNITY,WELLCARE,2026-05-01
SMED,109523,BCBS MCDASSIGN,MCDASSIGN,BCBS,2026-05-01
MRB,109524,MEDICARE COMM,COMM,MEDICARE,2026-05-01
RADU,109533,MAGELLAN COMM,COMM,MAGELLAN,2026-05-01
RADI2,109541,BRIGHT HEALTH HMO,HMO,BRIGHT HEALTH,2026-05-01
TRI,109549,CIGNA COMM,COMM,CIGNA,2026-05-01
SMED,109556,COMMERCIAL COMM,COMM,COMMERCIAL,2026-05-01
RADU,109565,MEDICAID INDEMNITY,INDEMNITY,MEDICAID,2026-05-01
NRA,109573,AETNA EPO,EPO,AETNA,2026-05-01
RADL,109579,HUMANA INDEMNITY,INDEMNITY,HUMANA,2026-05-01
RADK,109588,CIGNA HMO,HMO,CIGNA,2026-05-01
PXP,109592,MEDICARE HMO,HMO,MEDICARE,2026-05-01
RADF,109600,BCBS HDHP,HDHP,BCBS,2026-05-01
RADY,109609,AETNA INDEMNITY,INDEMNITY,AETNA,2026-05-01
RADT,109612,HUMANA EPO,EPO,HUMANA,2026-05-01
RADX,109617,CIGNA EPO,EPO,CIGNA,2026-05-01
GSIA,109623,BCBS POS,POS,BCBS,2026-05-01
PXP,109624,MEDICARE POS,POS,MEDICARE,2026-05-01
TRI,109632,BCBS POS,POS,BCBS,2026-05-01
RADA,109636,MOLINA PPO,PPO,MOLINA,2026-05-01
RADD,109640,COVENTRY MCDASSIGN,MCDASSIGN,COVENTRY,2026-05-01
MRB,109644,MEDICARE PPO,PPO,MEDICARE,2026-05-01
WRAD,109652,MEDICARE HMO,HMO,MEDICARE,2026-05-01
RADX,109654,COMMERCIAL MCDASSIGN,MCDASSIGN,COMMERCIAL,2026-05-01
RASFA,109663,AETNA POS,POS,AETNA,2026-05-01
RADK,109670,CENTENE HMO,HMO,CENTENE,2026-05-01
RADH,109676,AETNA TPA,TPA,AETNA,2026-05-01
RADO,109683,AETNA MCDASSIGN,MCDASSIGN,AETNA,2026-05-01
RADU,109686,WELLCARE HDHP,HDHP,WELLCARE,2026-05-01
RADU,109689,UNITED COMM,COMM,UNITED,2026-05-01
CIRPA,109691,AETNA MCDASSIGN,MCDASSIGN,AETNA,2026-05-01
RADP,109697,HUMANA HDHP,HDHP,HUMANA,2026-05-01
CIRPA,109701,UNITED COMM,COMM,UNITED,2026-05-01
RADP,109702,MEDICARE COMM,COMM,MEDICARE,2026-05-01
IAI,109703,CIGNA HMO,HMO,CIGNA,2026-05-01
MRB,109710,CENTENE HMO,HMO,CENTENE,2026-05-01
RADZ,109716,MEDICAID COMM,COMM,MEDICAID,2026-05-01
SMED,109724,BCBS POS,POS,BCBS,2026-05-01
RADI,109730,UNITED COMM,COMM,UNITED,2026-05-01
RADO,109735,CENTENE MCRASSIGN,MCRASSIGN,CENTENE,2026-05-01
RADR,109739,BCBS TPA,TPA,BCBS,2026-05-01
RADB,109746,BCBS HDHP,HDHP,BCBS,2026-05-01
RADL,109752,WELLCARE HMO,HMO,WELLCARE,2026-05-01
RADQ,109756,CIGNA HDHP,HDHP,CIGNA,2026-05-01
CRC,109763,MEDICARE COMM,COMM,MEDICARE,2026-05-01
ACR,109765,BCBS EPO,EPO,BCBS,2026-05-01
RADT,109772,UNITED MCDASSIGN,MCDASSIGN,UNITED,2026-05-01
RADZ,109777,AETNA MCRASSIGN,MCRASSIGN,AETNA,2026-05-01
RADP,109778,HUMANA TPA,TPA,HUMANA,2026-05-01
ACRB,109782,CIGNA COMM,COMM,CIGNA,2026-05-01
SMED,109788,COMMERCIAL TPA,TPA,COMMERCIAL,2026-05-01
RADI,109792,UNITED COMM,COMM,UNITED,2026-05-01
RADF,109798,AETNA EPO,EPO,AETNA,2026-05-01
SAPA,109806,COMMERCIAL EPO,EPO,COMMERCIAL,2026-05-01
RADI2,109808,HUMANA TPA,TPA,HUMANA,2026-05-01
WRAD,109809,COMMERCIAL HDHP,HDHP,COMMERCIAL,2026-05-01
RADJ,109816,MEDICAID COMM,COMM,MEDICAID,2026-05-01
RADZ,109820,CIGNA TPA,TPA,CIGNA,2026-05-01
GRH,109827,CIGNA TPA,TPA,CIGNA,2026-05-01
RADU,109835,MEDICARE MCRASSIGN,MCRASSIGN,MEDICARE,2026-05-01
RADL,109841,BCBS COMM,COMM,BCBS,2026-05-01
RADS,109843,MEDICARE MCRASSIGN,MCRASSIGN,MEDICARE,2026-05-01
PMR,109848,BCBS INDEMNITY,INDEMNITY,BCBS,2026-05-01
RADH,109852,MEDICAID HDHP,HDHP,MEDICAID,2026-05-01
PMR,109859,TRICARE INDEMNITY,INDEMNITY,TRICARE,2026-05-01
ESR,109868,MEDICARE HMO,HMO,MEDICARE,2026-05-01
RADA,109877,BCBS MCRASSIGN,MCRASSIGN,BCBS,2026-05-01
RADU,109883,BCBS HMO,HMO,BCBS,2026-05-01
CRC,109887,UNITED HMO,HMO,UNITED,2026-05-01
RADI,109891,UNITED MCDASSIGN,MCDASSIGN,UNITED,2026-05-01
PMR,109900,UNITED MCDASSIGN,MCDASSIGN,UNITED,2026-05-01
RADQ,109908,MEDICAID PPO,PPO,MEDICAID,2026-05-01
RADU,109911,HUMANA COMM,COMM,HUMANA,2026-05-01
RADO,109915,HUMANA HMO,HMO,HUMANA,2026-05-01
GSIA,109917,MEDICARE INDEMNITY,INDEMNITY,MEDICARE,2026-05-01
RADB,109921,COMMERCIAL COMM,COMM,COMMERCIAL,2026-05-01
RADT,109929,MEDICARE TPA,TPA,MEDICARE,2026-05-01
RADG,109935,UNITED TPA,TPA,UNITED,2026-05-01
RADL,109940,HUMANA INDEMNITY,INDEMNITY,HUMANA,2026-05-01
RADY,109947,BCBS EPO,EPO,BCBS,2026-05-01
RADQ,109954,CIGNA TPA,TPA,CIGNA,2026-05-01
PXP,109961,BCBS TPA,TPA,BCBS,2026-05-01
RADY,109970,HUMANA POS,POS,HUMANA,2026-05-01
WRAD,109978,MEDICARE TPA,TPA,MEDICARE,2026-05-01
RADS,109983,AETNA HDHP,HDHP,AETNA,2026-05-01
PMR,109988,HUMANA MCDASSIGN,MCDASSIGN,HUMANA,2026-05-01
ACR,109990,MEDICAID TPA,TPA,MEDICAID,2026-05-01
NRAA,109995,UNITED PPO,PPO,UNITED,2026-05-01
SMED,110002,UNITED POS,POS,UNITED,2026-05-01
