Source_Database_Code,LocationID,LocationName,LocationAbbreviation,LocationNPINumber,LocationAddress,LocationAddress2,LocationCity,LocationState,LocationZip,LocationPhone,LocationFax,LocationType,LocationFDANumber,LocationAlternativeAddress,LocationAlternativeAddress2,LocationAlternativecity,LocationAlternativestate,LocationAlternativezip,tbl_Refresh_Date,LocationPhone_norm,LocationFax_norm,birdeye_review_count,birdeye_avg_rating,birdeye_median_rating,birdeye_one_star_count,birdeye_two_star_count,birdeye_three_star_count,birdeye_four_star_count,birdeye_five_star_count,birdeye_last_review_date,birdeye_first_review_date,birdeye_review_with_comment_count,birdeye_phi_review_count,birdeye_phi_phone_total,birdeye_phi_email_total,birdeye_phi_ssn_total,birdeye_one_star_pct,birdeye_one_or_two_star_pct
ESR,1,ESR Radiology Location 1,ESR01,,7761 SUNSET LN,,MIAMI,FL,33101,(954)788-6018,,Professional,,7761 SUNSET LN,,MIAMI,FL,,2026-05-01,9547886018,,,,,,,,,,,,,,,,,,
RADK,1,RADK Radiology Location 1,RADK01,1631664398,4559 PINE DR,,MACON,GA,31201,,(404)806-4701,Facility,,,,,,31201,2026-05-01,,4048064701,,,,,,,,,,,,,,,,,
RADR,1,RADR Radiology Location 1,RADR01,1370459705,7472 CEDAR CIR,,LEBANON,TN,37087,,,Professional,,7472 CEDAR CIR,,LEBANON,,37087,2026-05-01,,,,,,,,,,,,,,,,,,,
CIRPA,1,CIRPA Radiology Location 1,CIRPA01,1636761825,4408 SCHOOL PL,,TAMPA,FL,33601,,,Global,,4408 SCHOOL PL,,,FL,,2026-05-01,,,,,,,,,,,,,,,,,,,
GRH,1,GRH Radiology Location 1,GRH01,1565236105,1233 LAKE WAY,,COLUMBUS,GA,31901,(912)707-7745,,Professional,,,,,GA,,2026-05-01,9127077745,,,,,,,,,,,,,,,,,,
RADN,1,RADN Radiology Location 1,RADN01,1661916513,677 SCHOOL AVE,,CINCINNATI,OH,45201,(419)827-1184,,Global,,,,CINCINNATI,,,2026-05-01,4198271184,,,,,,,,,,,,,,,,,,
RADQ,1,RADQ Radiology Location 1,RADQ01,,5059 SPRING ST,,RENO,NV,89501,,,Professional,,5059 SPRING ST,,RENO,NV,,2026-05-01,,,,,,,,,,,,,,,,,,,
RADK,2,RADK Radiology Location 2,RADK02,,9693 PINE CT,,ATHENS,GA,30601,,(770)302-0614,Professional,,,,ATHENS,GA,30601,2026-05-01,,7703020614,,,,,,,,,,,,,,,,,
RADX,1,RADX Radiology Location 1,RADX01,1628745286,6665 LAKE BLVD,,SAN ANTONIO,TX,78201,,,Professional,,,,SAN ANTONIO,,78201,2026-05-01,,,,,,,,,,,,,,,,,,,
RADU,1,RADU Radiology Location 1,RADU01,1022803870,5851 LAKE BLVD,,ORLANDO,FL,32801,(813)585-8427,,Professional,244916,,,,,,2026-05-01,8135858427,,,,,,,,,,,,,,,,,,
RADC,1,RADC Radiology Location 1,RADC01,1542827090,8511 LAKE AVE,,COLUMBUS,OH,43201,(614)452-5537,,Professional,,8511 LAKE AVE,,,OH,,2026-05-01,6144525537,,,,,,,,,,,,,,,,,,
MRB,1,MRB Radiology Location 1,MRB01,1460033931,2440 MAIN ST,,KNOXVILLE,TN,37902,,(931)707-8648,Professional,361825,,,,,37902,2026-05-01,,9317078648,,,,,,,,,,,,,,,,,
NRAA,1,NRAA Radiology Location 1,NRAA01,1893446638,8926 OAK CT,,FRANKLIN,TN,37064,(423)452-7432,,Professional,,,,FRANKLIN,,,2026-05-01,4234527432,,,,,,,,,,,,,,,,,,
ACRB,1,ACRB Radiology Location 1,ACRB01,1599382790,8327 AMANA ST,,CINCINNATI,OH,45201,,,Outpatient,,,,,,45201,2026-05-01,,,,,,,,,,,,,,,,,,,
CIRPA,2,CIRPA Radiology Location 2,CIRPA02,1417035785,9695 OAK AVE,,JACKSONVILLE,FL,32099,(407)220-0810,,Professional,743865,,,,,32099,2026-05-01,4072200810,,,,,,,,,,,,,,,,,,
RASFA,1,RASFA Radiology Location 1,RASFA01,1148208432,9559 HILL AVE,APT 250,HOUSTON,TX,77001,,,Professional,,9559 HILL AVE,,HOUSTON,,77001,2026-05-01,,,,,,,,,,,,,,,,,,,
RADO,1,RADO Radiology Location 1,RADO01,,276 SUNSET ST,,ORLANDO,FL,32801,,,Facility,,,,,FL,32801,2026-05-01,,,,,,,,,,,,,,,,,,,
ACR,1,ACR Radiology Location 1,ACR01,1746014279,4593 HILL AVE,,DAYTON,OH,45401,,,Professional,,,,DAYTON,,,2026-05-01,,,,,,,,,,,,,,,,,,,
MRB,2,MRB Radiology Location 2,MRB02,,5815 MAPLE LN,,NASHVILLE,TN,37201,,,Global,,,,NASHVILLE,TN,,2026-05-01,,,,,,,,,,,,,,,,,,,
GSIA,1,GSIA Radiology Location 1,GSIA01,1948840872,4981 MAPLE PL,,DALLAS,TX,75201,,,Professional,,,,DALLAS,,75201,2026-05-01,,,,,,,,,,,,,,,,,,,
RADM,1,RADM Radiology Location 1,RADM01,1779477539,9035 PINE CIR,,SAN ANTONIO,TX,78201,,,Professional,,,,SAN ANTONIO,,,2026-05-01,,,,,,,,,,,,,,,,,,,
RADL,1,RADL Radiology Location 1,RADL01,,4392 HILL ST,,MURFREESBORO,TN,37128,,,Global,429752,4392 HILL ST,,,,37128,2026-05-01,,,,,,,,,,,,,,,,,,,
RADT,1,RADT Radiology Location 1,RADT01,1532722275,8499 HILL WAY,,TOLEDO,OH,43601,(614)430-5244,,Global,,8499 HILL WAY,,,OH,,2026-05-01,6144305244,,,,,,,,,,,,,,,,,,
RADA,1,RADA Radiology Location 1,RADA01,1445186309,9364 RIVER ST,APT 85,MOUNT JULIET,TN,37122,(865)945-0970,,Global,,,,MOUNT JULIET,TN,,2026-05-01,8659450970,,,,,,,,,,,,,,,,,,
RADS2,1,RADS2 Radiology Location 1,RADS201,1235708589,6824 HILL CT,,FORT WORTH,TX,76101,(210)876-0353,,Professional,,6824 HILL CT,,FORT WORTH,,76101,2026-05-01,2108760353,,,,,,,,,,,,,,,,,,
CRC,1,CRC Radiology Location 1,CRC01,,8188 CHURCH WAY,,CLEVELAND,OH,44101,,(216)326-0893,Professional,,8188 CHURCH WAY,,CLEVELAND,OH,,2026-05-01,,2163260893,,,,,,,,,,,,,,,,,
NRAA,2,NRAA Radiology Location 2,NRAA02,,3825 SUNSET CIR,,LEBANON,TN,37087,(931)902-3478,,Global,,,,LEBANON,,,2026-05-01,9319023478,,,,,,,,,,,,,,,,,,
RADF,1,RADF Radiology Location 1,RADF01,,3222 LAKE DR,APT 151,NORTH LAS VEGAS,NV,89030,(775)235-3368,,Global,891279,3222 LAKE DR,,NORTH LAS VEGAS,,89030,2026-05-01,7752353368,,,,,,,,,,,,,,,,,,
RADO,2,RADO Radiology Location 2,RADO02,,387 PINE AVE,,ST PETE,FL,33701,(954)431-1266,,Professional,,387 PINE AVE,,,FL,,2026-05-01,9544311266,,,,,,,,,,,,,,,,,,
RADF,2,RADF Radiology Location 2,RADF02,1819799701,6723 SCHOOL CIR,,CARSON CITY,NV,89701,,,Professional,,6723 SCHOOL CIR,,CARSON CITY,,89701,2026-05-01,,,,,,,,,,,,,,,,,,,
ACRB,2,ACRB Radiology Location 2,ACRB02,1980204783,2010 MAIN AVE,,TOLEDO,OH,43601,(419)243-6002,,Facility,,,,,OH,,2026-05-01,4192436002,,,,,,,,,,,,,,,,,,
RADA,2,RADA Radiology Location 2,RADA02,1145130254,7861 PINE WAY,,MURFREESBORO,TN,37128,(423)441-0740,,Global,,,,,,,2026-05-01,4234410740,,,,,,,,,,,,,,,,,,
RADT,2,RADT Radiology Location 2,RADT02,1427903213,1427 SPRING AVE,,TOLEDO,OH,43601,,,Professional,,,,,,,2026-05-01,,,,,,,,,,,,,,,,,,,
RADE,1,RADE Radiology Location 1,RADE01,1587150104,1042 PARK BLVD,,JACKSONVILLE,FL,32099,,,Professional,,,,,FL,32099,2026-05-01,,,,,,,,,,,,,,,,,,,
CRC,2,CRC Radiology Location 2,CRC02,,9217 SCHOOL RD,,CLEVELAND,OH,44101,(330)507-1408,,Professional,,,,,,,2026-05-01,3305071408,,,,,,,,,,,,,,,,,,
RADY,1,RADY Radiology Location 1,RADY01,1415210033,758 CHURCH CIR,,COLUMBUS,OH,43201,,,Professional,168949,758 CHURCH CIR,,,OH,43201,2026-05-01,,,,,,,,,,,,,,,,,,,
RADU,2,RADU Radiology Location 2,RADU02,,7554 CEDAR CIR,,JACKSONVILLE,FL,32099,,,Global,,7554 CEDAR CIR,,JACKSONVILLE,,,2026-05-01,,,,,,,,,,,,,,,,,,,
RADA,3,RADA Radiology Location 3,RADA03,,8444 CEDAR BLVD,,NASHVILLE,TN,37201,,,Facility,,,,,TN,,2026-05-01,,,,,,,,,,,,,,,,,,,
RADX,2,RADX Radiology Location 2,RADX02,1556173155,237 OAK AVE,,DALLAS,TX,75201,(210)835-5541,,Professional,,237 OAK AVE,,,TX,75201,2026-05-01,2108355541,,,,,,,,,,,,,,,,,,
RADK,3,RADK Radiology Location 3,RADK03,1384217953,3761 HILL LN,,COLUMBUS,GA,31901,,,Professional,666081,,,,,,2026-05-01,,,,,,,,,,,,,,,,,,,
RADE,2,RADE Radiology Location 2,RADE02,1566523985,6118 AMANA WAY,,TAMPA,FL,33601,,,Global,,,,TAMPA,FL,33601,2026-05-01,,,,,,,,,,,,,,,,,,,
ACR,2,ACR Radiology Location 2,ACR02,1809219111,9634 SUNSET CT,,COLUMBUS,OH,43201,(513)969-2182,(513)723-2818,Outpatient,,9634 SUNSET CT,,,,,2026-05-01,5139692182,5137232818,,,,,,,,,,,,,,,,,
RADZ,1,RADZ Radiology Location 1,RADZ01,1241911567,7794 SPRING LN,APT 430,TAMPA,FL,33601,(813)719-8696,,Global,,,,,,,2026-05-01,8137198696,,,,,,,,,,,,,,,,,,
ESR,2,ESR Radiology Location 2,ESR02,1739864910,9321 RIVER CT,,FORT LAUDERDALE,FL,33301,(954)505-4546,,Global,,,,FORT LAUDERDALE,,,2026-05-01,9545054546,,,,,,,,,,,,,,,,,,
ACRB,3,ACRB Radiology Location 3,ACRB03,1524192974,7027 AMANA WAY,,AKRON,OH,44301,(513)922-0266,,Professional,369048,,,,,44301,2026-05-01,5139220266,,,,,,,,,,,,,,,,,,
RADI,1,RADI Radiology Location 1,RADI01,,8092 PARK CIR,,ATHENS,GA,30601,(770)349-3527,,Global,997821,,,,,,2026-05-01,7703493527,,,,,,,,,,,,,,,,,,
PXP,1,PXP Radiology Location 1,PXP01,,2099 PARK DR,,ST PETE,FL,33701,,(904)969-8672,Professional,776766,,,,FL,33701,2026-05-01,,9049698672,,,,,,,,,,,,,,,,,
RADU,3,RADU Radiology Location 3,RADU03,,7448 PINE RD,,MIAMI,FL,33101,,,Facility,,7448 PINE RD,,MIAMI,,,2026-05-01,,,,,,,,,,,,,,,,,,,
RADS2,2,RADS2 Radiology Location 2,RADS202,1902553968,9946 PARK WAY,,FORT WORTH,TX,76101,(512)348-1434,,Global,,,,,TX,,2026-05-01,5123481434,,,,,,,,,,,,,,,,,,
ACR,3,ACR Radiology Location 3,ACR03,1455117841,506 MAIN AVE,,DAYTON,OH,45401,,,Professional,,,,,,,2026-05-01,,,,,,,,,,,,,,,,,,,
RASFA,2,RASFA Radiology Location 2,RASFA02,,1599 MAIN AVE,,HOUSTON,TX,77001,,,Professional,,,,,,,2026-05-01,,,,,,,,,,,,,,,,,,,
RADZ,2,RADZ Radiology Location 2,RADZ02,1482629892,8645 RIVER BLVD,,ORLANDO,FL,32801,,,Professional,,8645 RIVER BLVD,,,,,2026-05-01,,,,,,,,,,,,,,,,,,,
NRAA,3,NRAA Radiology Location 3,NRAA03,1569212049,1195 RIVER WAY,,NASHVILLE,TN,37201,,,Global,,1195 RIVER WAY,,,TN,,2026-05-01,,,,,,,,,,,,,,,,,,,
RADO,3,RADO Radiology Location 3,RADO03,1148484975,9684 SUNSET CIR,,ST PETE,FL,33701,(407)290-3737,,Professional,,,,,,,2026-05-01,4072903737,,,,,,,,,,,,,,,,,,
RADD,1,RADD Radiology Location 1,RADD01,,6624 RIVER PL,,ATHENS,GA,30601,(404)912-0154,,Professional,,,,ATHENS,,,2026-05-01,4049120154,,,,,,,,,,,,,,,,,,
RADB,1,RADB Radiology Location 1,RADB01,1897302198,9930 PARK RD,,SAN ANTONIO,TX,78201,(512)628-9602,,Professional,,9930 PARK RD,,SAN ANTONIO,,78201,2026-05-01,5126289602,,,,,,,,,,,,,,,,,,
NRAA,4,NRAA Radiology Location 4,NRAA04,1610770132,2389 SCHOOL PL,,KNOXVILLE,TN,37902,(423)516-9331,,Global,234805,,,,TN,,2026-05-01,4235169331,,,,,,,,,,,,,,,,,,
RADI,2,RADI Radiology Location 2,RADI02,,4336 LAKE CIR,,ATLANTA,GA,30301,,(404)746-0652,Professional,,4336 LAKE CIR,,,,30301,2026-05-01,,4047460652,,,,,,,,,,,,,,,,,
RADF,3,RADF Radiology Location 3,RADF03,1741716409,8794 SUNSET BLVD,,LAS VEGAS,NV,89101,(725)826-3680,,Facility,,,,,NV,,2026-05-01,7258263680,,,,,,,,,,,,,,,,,,
IAI,1,IAI Radiology Location 1,IAI01,,9793 SPRING BLVD,,PLANO,TX,75023,,,Global,,9793 SPRING BLVD,,,,,2026-05-01,,,,,,,,,,,,,,,,,,,
PXP,2,PXP Radiology Location 2,PXP02,,4001 CHURCH ST,,ORLANDO,FL,32801,(954)781-8071,,Global,,,,,,,2026-05-01,9547818071,,,,,,,,,,,,,,,,,,
GRH,2,GRH Radiology Location 2,GRH02,1244747162,4601 PINE ST,,ATLANTA,GA,30301,,,Professional,,4601 PINE ST,,ATLANTA,GA,30301,2026-05-01,,,,,,,,,,,,,,,,,,,
PXP,3,PXP Radiology Location 3,PXP03,1304466525,9533 PARK DR,,ST PETE,FL,33701,(813)277-5823,,Professional,,,,ST PETE,FL,33701,2026-05-01,8132775823,,,,,,,,,,,,,,,,,,
RADJ,1,RADJ Radiology Location 1,RADJ01,1760014970,3030 SCHOOL BLVD,,MIAMI,FL,33101,(305)365-4508,,Facility,,3030 SCHOOL BLVD,,,,,2026-05-01,3053654508,,,,,,,,,,,,,,,,,,
CIRPA,3,CIRPA Radiology Location 3,CIRPA03,,2527 AMANA CT,,JACKSONVILLE,FL,32099,,,Professional,166883,2527 AMANA CT,,,,32099,2026-05-01,,,,,,,,,,,,,,,,,,,
RADQ,2,RADQ Radiology Location 2,RADQ02,,3993 PARK PL,,RENO,NV,89501,,(702)961-7996,Professional,,,,,,89501,2026-05-01,,7029617996,,,,,,,,,,,,,,,,,
SAPA,1,SAPA Radiology Location 1,SAPA01,1400451244,3282 AMANA WAY,,PLANO,TX,75023,(210)349-7911,,Global,,3282 AMANA WAY,,,,,2026-05-01,2103497911,,,,,,,,,,,,,,,,,,
ACRB,4,ACRB Radiology Location 4,ACRB04,,7964 SUNSET WAY,,TOLEDO,OH,43601,(330)624-8213,,Professional,,,,,,,2026-05-01,3306248213,,,,,,,,,,,,,,,,,,
RADS,1,RADS Radiology Location 1,RADS01,1319156494,7896 SUNSET LN,APT 197,KNOXVILLE,TN,37902,(865)568-8794,,Professional,,,,KNOXVILLE,TN,,2026-05-01,8655688794,,,,,,,,,,,,,,,,,,
RADU,4,RADU Radiology Location 4,RADU04,1991807715,4550 ELM PL,,ORLANDO,FL,32801,,(954)727-9965,Professional,,4550 ELM PL,,ORLANDO,,32801,2026-05-01,,9547279965,,,,,,,,,,,,,,,,,
TRI,1,TRI Radiology Location 1,TRI01,,4250 MAPLE WAY,,MOUNT JULIET,TN,37122,,,Global,,,,,,37122,2026-05-01,,,,,,,,,,,,,,,,,,,
RADS2,3,RADS2 Radiology Location 3,RADS203,,8619 CHURCH AVE,,DALLAS,TX,75201,,,Global,,8619 CHURCH AVE,,DALLAS,TX,75201,2026-05-01,,,,,,,,,,,,,,,,,,,
RADJ,2,RADJ Radiology Location 2,RADJ02,,2625 ELM WAY,,FORT LAUDERDALE,FL,33301,(561)635-5799,,Facility,,2625 ELM WAY,,FORT LAUDERDALE,,33301,2026-05-01,5616355799,,,,,,,,,,,,,,,,,,
PMR,1,PMR Radiology Location 1,PMR01,,7075 HILL LN,,KNOXVILLE,TN,37902,(423)930-1373,,Outpatient,,7075 HILL LN,,,,,2026-05-01,4239301373,,,,,,,,,,,,,,,,,,
RADD,2,RADD Radiology Location 2,RADD02,,6483 SUNSET AVE,,AUGUSTA,GA,30901,,,Facility,,,,AUGUSTA,GA,,2026-05-01,,,,,,,,,,,,,,,,,,,
RADH,1,RADH Radiology Location 1,RADH01,,7765 SUNSET ST,,AUSTIN,TX,78701,,,Global,669394,,,AUSTIN,,78701,2026-05-01,,,,,,,,,,,,,,,,,,,
ESR,3,ESR Radiology Location 3,ESR03,,2313 SUNSET LN,,MIAMI,FL,33101,(305)538-7962,,Global,121390,,,,FL,33101,2026-05-01,3055387962,,,,,,,,,,,,,,,,,,
RADU,5,RADU Radiology Location 5,RADU05,,3272 ELM AVE,,TAMPA,FL,33601,,,Global,,,,TAMPA,FL,,2026-05-01,,,,,,,,,,,,,,,,,,,
RADG,1,RADG Radiology Location 1,RADG01,,2297 AMANA AVE,,NASHVILLE,TN,37201,,,Professional,,,,NASHVILLE,TN,37201,2026-05-01,,,27.0,3.93,4.0,1.0,1.0,8.0,6.0,11.0,2026-04-30,2026-02-27,22.0,0.0,0.0,0.0,0.0,3.7,7.41
RADX,3,RADX Radiology Location 3,RADX03,,8209 MAIN DR,,SAN ANTONIO,TX,78201,(817)361-1741,,Professional,,,,SAN ANTONIO,,,2026-05-01,8173611741,,,,,,,,,,,,,,,,,,
RADZ,3,RADZ Radiology Location 3,RADZ03,,3438 MAPLE ST,,ORLANDO,FL,32801,,,Professional,,3438 MAPLE ST,,ORLANDO,,,2026-05-01,,,,,,,,,,,,,,,,,,,
RADU,6,RADU Radiology Location 6,RADU06,1745916114,4783 SUNSET CIR,,ORLANDO,FL,32801,(904)496-8276,,Professional,,,,,FL,32801,2026-05-01,9044968276,,,,,,,,,,,,,,,,,,
RADI2,1,RADI2 Radiology Location 1,RADI201,1162490958,3550 PARK ST,,CINCINNATI,OH,45201,(216)711-5012,,Professional,708986,3550 PARK ST,,,OH,,2026-05-01,2167115012,,,,,,,,,,,,,,,,,,
RADN,2,RADN Radiology Location 2,RADN02,1215178274,4812 SCHOOL CIR,,CINCINNATI,OH,45201,(513)356-3891,,Professional,,,,,OH,,2026-05-01,5133563891,,,,,,,,,,,,,,,,,,
PXP,4,PXP Radiology Location 4,PXP04,1264807176,3671 PINE DR,,TAMPA,FL,33601,(813)364-3122,(813)759-5360,Professional,,,,TAMPA,FL,33601,2026-05-01,8133643122,8137595360,,,,,,,,,,,,,,,,,
MRB,3,MRB Radiology Location 3,MRB03,,6949 HILL ST,,LEBANON,TN,37087,(615)459-1493,,Global,393429,,,LEBANON,,,2026-05-01,6154591493,,,,,,,,,,,,,,,,,,
RADY,2,RADY Radiology Location 2,RADY02,,7967 PARK LN,,COLUMBUS,OH,43201,(937)282-6267,,Professional,,7967 PARK LN,,COLUMBUS,OH,,2026-05-01,9372826267,,,,,,,,,,,,,,,,,,
RADL,2,RADL Radiology Location 2,RADL02,1461817910,3359 ELM LN,,MURFREESBORO,TN,37128,,,Professional,,3359 ELM LN,,,,37128,2026-05-01,,,,,,,,,,,,,,,,,,,
RADB,2,RADB Radiology Location 2,RADB02,1181467063,7605 CHURCH RD,,DALLAS,TX,75201,(210)993-8684,(210)242-0607,Professional,,,,,TX,75201,2026-05-01,2109938684,2102420607,,,,,,,,,,,,,,,,,
ESR,4,ESR Radiology Location 4,ESR04,1496417481,362 CEDAR CT,,ORLANDO,FL,32801,(813)204-3784,,Facility,,,,,FL,,2026-05-01,8132043784,,,,,,,,,,,,,,,,,,
IAI,2,IAI Radiology Location 2,IAI02,,5410 PINE CIR,APT 396,PLANO,TX,75023,(972)675-4180,,Professional,,5410 PINE CIR,,PLANO,TX,,2026-05-01,9726754180,,,,,,,,,,,,,,,,,,
RADS2,4,RADS2 Radiology Location 4,RADS204,1794750557,3762 OAK LN,,PLANO,TX,75023,,(713)427-5176,Professional,,3762 OAK LN,,,TX,,2026-05-01,,7134275176,,,,,,,,,,,,,,,,,
RADL,3,RADL Radiology Location 3,RADL03,,6224 MAPLE DR,,LEBANON,TN,37087,,,Professional,278873,6224 MAPLE DR,,LEBANON,,37087,2026-05-01,,,,,,,,,,,,,,,,,,,
WRAD,1,WRAD Radiology Location 1,WRAD01,,9907 AMANA PL,,SPARKS,NV,89431,,(725)228-7191,Outpatient,,,,SPARKS,,89431,2026-05-01,,7252287191,,,,,,,,,,,,,,,,,
RADK,4,RADK Radiology Location 4,RADK04,,8390 AMANA ST,,ATLANTA,GA,30301,,(478)896-9908,Professional,,8390 AMANA ST,,,,,2026-05-01,,4788969908,,,,,,,,,,,,,,,,,
RADB,3,RADB Radiology Location 3,RADB03,1830019178,2059 SPRING ST,,HOUSTON,TX,77001,(713)980-7179,(713)701-0901,Global,,2059 SPRING ST,,HOUSTON,TX,,2026-05-01,7139807179,7137010901,,,,,,,,,,,,,,,,,
CRC,3,CRC Radiology Location 3,CRC03,,4620 LAKE PL,,CINCINNATI,OH,45201,,,Professional,,,,,,45201,2026-05-01,,,,,,,,,,,,,,,,,,,
ESR,5,ESR Radiology Location 5,ESR05,,8199 PINE BLVD,APT 258,ST PETE,FL,33701,,,Professional,,8199 PINE BLVD,,ST PETE,FL,,2026-05-01,,,,,,,,,,,,,,,,,,,
RADZ,4,RADZ Radiology Location 4,RADZ04,,8024 SCHOOL WAY,,JACKSONVILLE,FL,32099,,,Professional,,8024 SCHOOL WAY,,JACKSONVILLE,,,2026-05-01,,,,,,,,,,,,,,,,,,,
CIRPA,4,CIRPA Radiology Location 4,CIRPA04,1228645602,6565 MAPLE WAY,,FORT LAUDERDALE,FL,33301,(561)335-0984,,Professional,,,,,FL,,2026-05-01,5613350984,,,,,,,,,,,,,,,,,,
RADZ,5,RADZ Radiology Location 5,RADZ05,,4831 AMANA LN,,FORT LAUDERDALE,FL,33301,(904)688-9358,(904)240-6667,Professional,,,,FORT LAUDERDALE,FL,33301,2026-05-01,9046889358,9042406667,,,,,,,,,,,,,,,,,
RADQ,3,RADQ Radiology Location 3,RADQ03,,4338 LAKE WAY,,NORTH LAS VEGAS,NV,89030,(725)822-4278,(725)737-4832,Professional,,,,NORTH LAS VEGAS,,,2026-05-01,7258224278,7257374832,,,,,,,,,,,,,,,,,
RADD,3,RADD Radiology Location 3,RADD03,1626824982,7476 CEDAR ST,,AUGUSTA,GA,30901,,,Outpatient,,,,AUGUSTA,GA,30901,2026-05-01,,,,,,,,,,,,,,,,,,,
RADQ,4,RADQ Radiology Location 4,RADQ04,1802208700,1777 RIVER PL,,HENDERSON,NV,89002,,,Professional,,,,,NV,89002,2026-05-01,,,,,,,,,,,,,,,,,,,
MRB,4,MRB Radiology Location 4,MRB04,,8168 PINE LN,,FRANKLIN,TN,37064,,,Professional,,,,,,,2026-05-01,,,,,,,,,,,,,,,,,,,
RADH,2,RADH Radiology Location 2,RADH02,1763155488,3099 SCHOOL BLVD,,SAN ANTONIO,TX,78201,(512)598-3454,(512)698-8835,Global,998945,3099 SCHOOL BLVD,,,,,2026-05-01,5125983454,5126988835,,,,,,,,,,,,,,,,,
RADC,2,RADC Radiology Location 2,RADC02,1568167350,4823 HILL LN,,CINCINNATI,OH,45201,,,Global,852950,4823 HILL LN,,CINCINNATI,,,2026-05-01,,,,,,,,,,,,,,,,,,,
RADJ,3,RADJ Radiology Location 3,RADJ03,1614604023,2753 SCHOOL WAY,APT 216,TAMPA,FL,33601,,,Professional,,2753 SCHOOL WAY,,TAMPA,,,2026-05-01,,,,,,,,,,,,,,,,,,,
IAI,3,IAI Radiology Location 3,IAI03,1999219525,8137 SPRING AVE,APT 384,HOUSTON,TX,77001,,,Outpatient,,,,,TX,77001,2026-05-01,,,,,,,,,,,,,,,,,,,
RADC,3,RADC Radiology Location 3,RADC03,1004305775,3844 CHURCH PL,,AKRON,OH,44301,,,Professional,,,,AKRON,,,2026-05-01,,,,,,,,,,,,,,,,,,,
RADU,7,RADU Radiology Location 7,RADU07,1526435573,1810 MAPLE RD,,TAMPA,FL,33601,(904)307-4102,,Professional,,1810 MAPLE RD,,TAMPA,,,2026-05-01,9043074102,,,,,,,,,,,,,,,,,,
RADU,8,RADU Radiology Location 8,RADU08,,1396 PINE ST,,ORLANDO,FL,32801,(407)836-8482,,Professional,,,,ORLANDO,,,2026-05-01,4078368482,,,,,,,,,,,,,,,,,,
WRAD,2,WRAD Radiology Location 2,WRAD02,1433467921,8481 SUNSET BLVD,,LAS VEGAS,NV,89101,,(775)691-3857,Global,,8481 SUNSET BLVD,,,NV,89101,2026-05-01,,7756913857,,,,,,,,,,,,,,,,,
RADO,4,RADO Radiology Location 4,RADO04,,6064 OAK ST,APT 390,MIAMI,FL,33101,(954)349-8455,,Global,,,,,,,2026-05-01,9543498455,,,,,,,,,,,,,,,,,,
RADA,4,RADA Radiology Location 4,RADA04,1798180124,5100 PARK PL,,MURFREESBORO,TN,37128,(901)431-6011,,Professional,710173,5100 PARK PL,,MURFREESBORO,TN,,2026-05-01,9014316011,,,,,,,,,,,,,,,,,,
PXP,5,PXP Radiology Location 5,PXP05,,6417 SUNSET LN,APT 111,MIAMI,FL,33101,,,Professional,887984,,,MIAMI,,33101,2026-05-01,,,,,,,,,,,,,,,,,,,
ACR,4,ACR Radiology Location 4,ACR04,1220157890,6618 SPRING PL,,CINCINNATI,OH,45201,,,Professional,,,,CINCINNATI,,45201,2026-05-01,,,,,,,,,,,,,,,,,,,
RADB,4,RADB Radiology Location 4,RADB04,1297941541,5434 PINE RD,,PLANO,TX,75023,,,Professional,,5434 PINE RD,,PLANO,TX,75023,2026-05-01,,,,,,,,,,,,,,,,,,,
RADR,2,RADR Radiology Location 2,RADR02,,5362 OAK LN,,NASHVILLE,TN,37201,(865)869-7565,,Global,830576,5362 OAK LN,,NASHVILLE,,,2026-05-01,8658697565,,,,,,,,,,,,,,,,,,
ACR,5,ACR Radiology Location 5,ACR05,1087694328,2196 OAK DR,,CINCINNATI,OH,45201,,,Global,,2196 OAK DR,,CINCINNATI,,45201,2026-05-01,,,,,,,,,,,,,,,,,,,
RADI,3,RADI Radiology Location 3,RADI03,1169714104,4528 RIVER BLVD,,ATLANTA,GA,30301,,,Global,,4528 RIVER BLVD,,,GA,,2026-05-01,,,,,,,,,,,,,,,,,,,
NRA,1,NRA Radiology Location 1,NRA01,1295019208,7550 PINE LN,APT 344,NASHVILLE,TN,37201,(901)431-8672,,Global,,7550 PINE LN,,NASHVILLE,TN,,2026-05-01,9014318672,,,,,,,,,,,,,,,,,,
RADK,5,RADK Radiology Location 5,RADK05,,4523 MAIN LN,,COLUMBUS,GA,31901,(678)816-7703,,Professional,,,,COLUMBUS,GA,,2026-05-01,6788167703,,,,,,,,,,,,,,,,,,
GRH,3,GRH Radiology Location 3,GRH03,,9592 HILL WAY,,MACON,GA,31201,,(770)612-5498,Professional,561808,,,,,,2026-05-01,,7706125498,,,,,,,,,,,,,,,,,
RADS,2,RADS Radiology Location 2,RADS02,,6496 LAKE BLVD,,MOUNT JULIET,TN,37122,,(901)655-9862,Professional,,6496 LAKE BLVD,,,TN,,2026-05-01,,9016559862,,,,,,,,,,,,,,,,,
GRH,4,GRH Radiology Location 4,GRH04,1849730190,9066 SPRING RD,,AUGUSTA,GA,30901,,,Professional,301550,9066 SPRING RD,,,GA,30901,2026-05-01,,,,,,,,,,,,,,,,,,,
WRAD,3,WRAD Radiology Location 3,WRAD03,,9335 ELM AVE,,NORTH LAS VEGAS,NV,89030,,(775)559-1770,Facility,,,,NORTH LAS VEGAS,NV,,2026-05-01,,7755591770,,,,,,,,,,,,,,,,,
RADU,9,RADU Radiology Location 9,RADU09,,5798 SUNSET LN,,TAMPA,FL,33601,,,Facility,,5798 SUNSET LN,,TAMPA,,,2026-05-01,,,,,,,,,,,,,,,,,,,
TRI,2,TRI Radiology Location 2,TRI02,,1208 MAPLE AVE,,KNOXVILLE,TN,37902,(615)243-9479,,Global,,,,,,37902,2026-05-01,6152439479,,,,,,,,,,,,,,,,,,
RADE,3,RADE Radiology Location 3,RADE03,1903904187,8940 OAK DR,,JACKSONVILLE,FL,32099,,,Global,235035,,,,,,2026-05-01,,,,,,,,,,,,,,,,,,,
RADJ,4,RADJ Radiology Location 4,RADJ04,,2321 CHURCH DR,,TAMPA,FL,33601,,,Global,,2321 CHURCH DR,,,,33601,2026-05-01,,,,,,,,,,,,,,,,,,,
RADH,3,RADH Radiology Location 3,RADH03,,2530 MAPLE DR,,SAN ANTONIO,TX,78201,,,Facility,579333,2530 MAPLE DR,,SAN ANTONIO,,78201,2026-05-01,,,,,,,,,,,,,,,,,,,
SAPA,2,SAPA Radiology Location 2,SAPA02,,7180 SPRING ST,APT 453,DALLAS,TX,75201,(210)248-3413,,Professional,,7180 SPRING ST,,,TX,75201,2026-05-01,2102483413,,,,,,,,,,,,,,,,,,
RADE,4,RADE Radiology Location 4,RADE04,1130431252,5285 HILL CT,,JACKSONVILLE,FL,32099,,,Professional,568945,,,JACKSONVILLE,,32099,2026-05-01,,,,,,,,,,,,,,,,,,,
RADJ,5,RADJ Radiology Location 5,RADJ05,1257894008,7873 PINE RD,APT 309,MIAMI,FL,33101,,,Global,,,,MIAMI,,,2026-05-01,,,,,,,,,,,,,,,,,,,
RADU,10,RADU Radiology Location 10,RADU10,1800960760,352 SCHOOL CT,,JACKSONVILLE,FL,32099,(561)351-7480,(561)292-7190,Professional,,352 SCHOOL CT,,,,,2026-05-01,5613517480,5612927190,,,,,,,,,,,,,,,,,
IAI,4,IAI Radiology Location 4,IAI04,,4466 RIVER LN,,DALLAS,TX,75201,(214)444-9063,,Professional,,4466 RIVER LN,,,,,2026-05-01,2144449063,,59.0,3.92,5.0,8.0,5.0,6.0,5.0,35.0,2026-04-20,2025-12-14,52.0,0.0,0.0,0.0,0.0,13.56,22.03
RADO,5,RADO Radiology Location 5,RADO05,,4270 CHURCH ST,,ST PETE,FL,33701,(561)397-6972,,Global,787458,4270 CHURCH ST,,,,33701,2026-05-01,5613976972,,,,,,,,,,,,,,,,,,
RADA,5,RADA Radiology Location 5,RADA05,1102903874,1552 CHURCH BLVD,APT 95,NASHVILLE,TN,37201,,,Outpatient,,,,NASHVILLE,,,2026-05-01,,,,,,,,,,,,,,,,,,,
ACRB,5,ACRB Radiology Location 5,ACRB05,1973951735,997 PARK LN,APT 365,TOLEDO,OH,43601,,,Professional,,,,TOLEDO,OH,,2026-05-01,,,,,,,,,,,,,,,,,,,
RADI2,2,RADI2 Radiology Location 2,RADI202,1200183430,3083 MAPLE DR,,TOLEDO,OH,43601,(513)345-0571,,Professional,,,,,OH,43601,2026-05-01,5133450571,,,,,,,,,,,,,,,,,,
NRA,2,NRA Radiology Location 2,NRA02,1038979377,2216 MAIN CIR,,MOUNT JULIET,TN,37122,,,Professional,211544,2216 MAIN CIR,,MOUNT JULIET,TN,37122,2026-05-01,,,,,,,,,,,,,,,,,,,
RADY,3,RADY Radiology Location 3,RADY03,,3480 HILL ST,,AKRON,OH,44301,(419)478-1405,(419)211-2997,Professional,,,,,,,2026-05-01,4194781405,4192112997,,,,,,,,,,,,,,,,,
ACR,6,ACR Radiology Location 6,ACR06,,2009 AMANA BLVD,,DAYTON,OH,45401,,,Professional,416079,,,DAYTON,,45401,2026-05-01,,,,,,,,,,,,,,,,,,,
RADR,3,RADR Radiology Location 3,RADR03,1434349247,773 CHURCH CT,APT 422,FRANKLIN,TN,37064,,(865)845-1189,Professional,,,,FRANKLIN,,37064,2026-05-01,,8658451189,,,,,,,,,,,,,,,,,
RADJ,6,RADJ Radiology Location 6,RADJ06,,8011 SCHOOL WAY,,TAMPA,FL,33601,,,Professional,,,,TAMPA,,33601,2026-05-01,,,,,,,,,,,,,,,,,,,
RADR,4,RADR Radiology Location 4,RADR04,,4316 CHURCH BLVD,,NASHVILLE,TN,37201,,,Professional,,4316 CHURCH BLVD,,,TN,37201,2026-05-01,,,,,,,,,,,,,,,,,,,
RADY,4,RADY Radiology Location 4,RADY04,,9678 PARK PL,,DAYTON,OH,45401,(419)442-6632,,Facility,,9678 PARK PL,,,OH,45401,2026-05-01,4194426632,,,,,,,,,,,,,,,,,,
RADC,4,RADC Radiology Location 4,RADC04,1118677366,221 OAK RD,,TOLEDO,OH,43601,(513)949-6410,,Professional,,,,,,43601,2026-05-01,5139496410,,,,,,,,,,,,,,,,,,
RADK,6,RADK Radiology Location 6,RADK06,,4607 ELM PL,,ATHENS,GA,30601,,(478)723-8449,Professional,,,,,GA,,2026-05-01,,4787238449,,,,,,,,,,,,,,,,,
RADS2,5,RADS2 Radiology Location 5,RADS205,1102547345,4828 RIVER WAY,,HOUSTON,TX,77001,(512)556-5845,(512)275-2169,Global,,,,,TX,,2026-05-01,5125565845,5122752169,,,,,,,,,,,,,,,,,
RADN,3,RADN Radiology Location 3,RADN03,,700 HILL BLVD,,TOLEDO,OH,43601,,,Professional,,700 HILL BLVD,,,OH,43601,2026-05-01,,,,,,,,,,,,,,,,,,,
RASFA,3,RASFA Radiology Location 3,RASFA03,,5267 OAK CIR,,AUSTIN,TX,78701,(713)630-9072,,Professional,,5267 OAK CIR,,,TX,78701,2026-05-01,7136309072,,,,,,,,,,,,,,,,,,
RADU,11,RADU Radiology Location 11,RADU11,1524700598,6021 SUNSET CIR,,JACKSONVILLE,FL,32099,,,Professional,,,,,,32099,2026-05-01,,,,,,,,,,,,,,,,,,,
RASFA,4,RASFA Radiology Location 4,RASFA04,,2122 RIVER DR,,FORT WORTH,TX,76101,,(817)331-9635,Global,,,,FORT WORTH,,,2026-05-01,,8173319635,,,,,,,,,,,,,,,,,
RADI2,3,RADI2 Radiology Location 3,RADI203,1240108128,9559 RIVER CIR,,DAYTON,OH,45401,,,Professional,,9559 RIVER CIR,,DAYTON,,,2026-05-01,,,,,,,,,,,,,,,,,,,
SAPA,3,SAPA Radiology Location 3,SAPA03,1174537131,1888 CHURCH BLVD,,DALLAS,TX,75201,(817)597-0309,,Professional,,,,DALLAS,,,2026-05-01,8175970309,,,,,,,,,,,,,,,,,,
CRC,4,CRC Radiology Location 4,CRC04,1376735277,5778 LAKE LN,,COLUMBUS,OH,43201,,,Facility,,,,,,43201,2026-05-01,,,,,,,,,,,,,,,,,,,
NRAA,5,NRAA Radiology Location 5,NRAA05,1707539632,9487 ELM DR,,MOUNT JULIET,TN,37122,,,Professional,,9487 ELM DR,,,TN,,2026-05-01,,,,,,,,,,,,,,,,,,,
PMR,2,PMR Radiology Location 2,PMR02,,5056 AMANA CIR,,KNOXVILLE,TN,37902,,(931)289-7359,Global,,,,,,,2026-05-01,,9312897359,,,,,,,,,,,,,,,,,
RADG,2,RADG Radiology Location 2,RADG02,,6991 ELM CT,,FRANKLIN,TN,37064,(931)897-6833,,Global,,,,,,37064,2026-05-01,9318976833,,,,,,,,,,,,,,,,,,
GSIA,2,GSIA Radiology Location 2,GSIA02,1071862165,9872 ELM DR,,HOUSTON,TX,77001,,,Global,,,,,TX,77001,2026-05-01,,,,,,,,,,,,,,,,,,,
RADK,7,RADK Radiology Location 7,RADK07,1203529228,2291 CHURCH WAY,,ATHENS,GA,30601,(678)796-9726,,Facility,367670,,,ATHENS,,,2026-05-01,6787969726,,,,,,,,,,,,,,,,,,
WRAD,4,WRAD Radiology Location 4,WRAD04,,2443 SPRING RD,,CARSON CITY,NV,89701,,,Professional,,,,CARSON CITY,NV,89701,2026-05-01,,,,,,,,,,,,,,,,,,,
ACRB,6,ACRB Radiology Location 6,ACRB06,1322463318,8298 AMANA CT,,CINCINNATI,OH,45201,(216)965-5771,,Professional,548624,,,CINCINNATI,,45201,2026-05-01,2169655771,,,,,,,,,,,,,,,,,,
GSIA,3,GSIA Radiology Location 3,GSIA03,1345279192,675 MAIN LN,,AUSTIN,TX,78701,(210)351-3927,,Global,,,,,,78701,2026-05-01,2103513927,,,,,,,,,,,,,,,,,,
RADF,4,RADF Radiology Location 4,RADF04,,5592 RIVER BLVD,,LAS VEGAS,NV,89101,(702)787-2131,,Global,,5592 RIVER BLVD,,LAS VEGAS,,,2026-05-01,7027872131,,,,,,,,,,,,,,,,,,
TRI,3,TRI Radiology Location 3,TRI03,1373383542,598 CHURCH ST,,NASHVILLE,TN,37201,,,Professional,,598 CHURCH ST,,NASHVILLE,,37201,2026-05-01,,,,,,,,,,,,,,,,,,,
RADZ,6,RADZ Radiology Location 6,RADZ06,1931742083,9021 SPRING ST,,TAMPA,FL,33601,,,Professional,,,,TAMPA,FL,33601,2026-05-01,,,,,,,,,,,,,,,,,,,
RADI2,4,RADI2 Radiology Location 4,RADI204,1780612233,2843 SCHOOL DR,APT 329,DAYTON,OH,45401,,,Professional,,2843 SCHOOL DR,,,,45401,2026-05-01,,,,,,,,,,,,,,,,,,,
RADU,12,RADU Radiology Location 12,RADU12,1368093270,2229 CEDAR ST,,FORT LAUDERDALE,FL,33301,,(407)929-7641,Facility,,2229 CEDAR ST,,FORT LAUDERDALE,FL,,2026-05-01,,4079297641,,,,,,,,,,,,,,,,,
PMR,3,PMR Radiology Location 3,PMR03,,9584 AMANA RD,,NASHVILLE,TN,37201,,,Professional,,,,,TN,,2026-05-01,,,,,,,,,,,,,,,,,,,
RADE,5,RADE Radiology Location 5,RADE05,1499280256,3264 SPRING AVE,,ORLANDO,FL,32801,,,Professional,,,,ORLANDO,FL,32801,2026-05-01,,,,,,,,,,,,,,,,,,,
RADS2,6,RADS2 Radiology Location 6,RADS206,,2556 HILL WAY,,SAN ANTONIO,TX,78201,(817)279-9614,(817)501-7789,Global,,2556 HILL WAY,,SAN ANTONIO,TX,78201,2026-05-01,8172799614,8175017789,,,,,,,,,,,,,,,,,
SAPA,4,SAPA Radiology Location 4,SAPA04,1354989705,9296 OAK ST,,PLANO,TX,75023,,,Professional,,,,,TX,75023,2026-05-01,,,,,,,,,,,,,,,,,,,
RADL,4,RADL Radiology Location 4,RADL04,,6559 SCHOOL ST,,MOUNT JULIET,TN,37122,,(931)654-7727,Professional,,6559 SCHOOL ST,,,,37122,2026-05-01,,9316547727,,,,,,,,,,,,,,,,,
RADS2,7,RADS2 Radiology Location 7,RADS207,1921196883,8056 PINE CT,,SAN ANTONIO,TX,78201,,,Professional,,8056 PINE CT,,SAN ANTONIO,TX,78201,2026-05-01,,,,,,,,,,,,,,,,,,,
RADR,5,RADR Radiology Location 5,RADR05,,9599 CEDAR AVE,APT 450,KNOXVILLE,TN,37902,,,Professional,,9599 CEDAR AVE,,KNOXVILLE,,,2026-05-01,,,,,,,,,,,,,,,,,,,
RADB,5,RADB Radiology Location 5,RADB05,,2491 LAKE WAY,,DALLAS,TX,75201,(817)773-2981,,Facility,405406,2491 LAKE WAY,,DALLAS,TX,75201,2026-05-01,8177732981,,,,,,,,,,,,,,,,,,
RADJ,7,RADJ Radiology Location 7,RADJ07,1911051926,1855 LAKE AVE,,FORT LAUDERDALE,FL,33301,,,Professional,,,,,,,2026-05-01,,,,,,,,,,,,,,,,,,,
RADB,6,RADB Radiology Location 6,RADB06,1574820730,8076 CEDAR PL,,FORT WORTH,TX,76101,,,Professional,,,,FORT WORTH,TX,,2026-05-01,,,,,,,,,,,,,,,,,,,
RADE,6,RADE Radiology Location 6,RADE06,1665184559,6576 SCHOOL RD,,ST PETE,FL,33701,(407)488-1068,,Professional,314906,,,ST PETE,FL,33701,2026-05-01,4074881068,,,,,,,,,,,,,,,,,,
GSIA,4,GSIA Radiology Location 4,GSIA04,1393301883,1741 SCHOOL PL,,PLANO,TX,75023,,,Global,,1741 SCHOOL PL,,,,75023,2026-05-01,,,,,,,,,,,,,,,,,,,
RADH,4,RADH Radiology Location 4,RADH04,,8030 SPRING DR,,DALLAS,TX,75201,,,Outpatient,,8030 SPRING DR,,DALLAS,,,2026-05-01,,,129.0,4.26,5.0,6.0,6.0,12.0,30.0,75.0,2026-04-08,2025-05-27,93.0,0.0,0.0,0.0,0.0,4.65,9.3
RADZ,7,RADZ Radiology Location 7,RADZ07,,8938 AMANA DR,,ORLANDO,FL,32801,,,Professional,,8938 AMANA DR,,,FL,,2026-05-01,,,,,,,,,,,,,,,,,,,
IAI,5,IAI Radiology Location 5,IAI05,,7670 SCHOOL BLVD,,DALLAS,TX,75201,,,Professional,,,,DALLAS,TX,75201,2026-05-01,,,,,,,,,,,,,,,,,,,
RADZ,8,RADZ Radiology Location 8,RADZ08,1652787223,7013 HILL WAY,,TAMPA,FL,33601,,,Facility,,7013 HILL WAY,,TAMPA,,33601,2026-05-01,,,,,,,,,,,,,,,,,,,
MRB,5,MRB Radiology Location 5,MRB05,,2266 AMANA ST,,NASHVILLE,TN,37201,,,Professional,,2266 AMANA ST,,,,37201,2026-05-01,,,,,,,,,,,,,,,,,,,
RADF,5,RADF Radiology Location 5,RADF05,1385414230,2463 RIVER CT,APT 270,RENO,NV,89501,(775)260-1115,(775)846-4864,Global,,2463 RIVER CT,,RENO,NV,,2026-05-01,7752601115,7758464864,,,,,,,,,,,,,,,,,
RADO,6,RADO Radiology Location 6,RADO06,,6126 MAIN LN,,JACKSONVILLE,FL,32099,(904)463-0238,,Professional,,6126 MAIN LN,,,,32099,2026-05-01,9044630238,,,,,,,,,,,,,,,,,,
RADZ,9,RADZ Radiology Location 9,RADZ09,,2896 CHURCH RD,,MIAMI,FL,33101,(561)687-7412,(561)243-2434,Outpatient,,,,MIAMI,FL,,2026-05-01,5616877412,5612432434,,,,,,,,,,,,,,,,,
RADO,7,RADO Radiology Location 7,RADO07,1683844683,4566 PARK LN,,FORT LAUDERDALE,FL,33301,,,Professional,,,,,,33301,2026-05-01,,,,,,,,,,,,,,,,,,,
RADF,6,RADF Radiology Location 6,RADF06,,8870 PINE RD,,LAS VEGAS,NV,89101,,,Professional,442211,8870 PINE RD,,,NV,,2026-05-01,,,,,,,,,,,,,,,,,,,
RADU,13,RADU Radiology Location 13,RADU13,,4202 RIVER RD,,JACKSONVILLE,FL,32099,,,Global,,4202 RIVER RD,,,,,2026-05-01,,,,,,,,,,,,,,,,,,,
RADR,6,RADR Radiology Location 6,RADR06,1401306334,1272 AMANA AVE,,NASHVILLE,TN,37201,,,Professional,,,,,TN,,2026-05-01,,,,,,,,,,,,,,,,,,,
SAPA,5,SAPA Radiology Location 5,SAPA05,1617660239,7099 OAK ST,APT 74,SAN ANTONIO,TX,78201,,(210)989-3584,Professional,,,,SAN ANTONIO,,78201,2026-05-01,,2109893584,,,,,,,,,,,,,,,,,
RADY,5,RADY Radiology Location 5,RADY05,1567811384,3852 RIVER WAY,APT 296,COLUMBUS,OH,43201,,,Global,,,,COLUMBUS,,43201,2026-05-01,,,,,,,,,,,,,,,,,,,
RADH,5,RADH Radiology Location 5,RADH05,1603816608,7802 SPRING RD,,HOUSTON,TX,77001,(713)404-2794,,Professional,,,,HOUSTON,TX,77001,2026-05-01,7134042794,,,,,,,,,,,,,,,,,,
RADH,6,RADH Radiology Location 6,RADH06,,7891 HILL CT,,DALLAS,TX,75201,(210)208-9494,,Global,,,,,TX,75201,2026-05-01,2102089494,,,,,,,,,,,,,,,,,,
RADF,7,RADF Radiology Location 7,RADF07,1147946913,8764 AMANA ST,,HENDERSON,NV,89002,,,Professional,566090,8764 AMANA ST,,HENDERSON,,89002,2026-05-01,,,,,,,,,,,,,,,,,,,
MRB,6,MRB Radiology Location 6,MRB06,1283465549,2645 AMANA RD,,LEBANON,TN,37087,,,Professional,,2645 AMANA RD,,LEBANON,TN,37087,2026-05-01,,,,,,,,,,,,,,,,,,,
CIRPA,5,CIRPA Radiology Location 5,CIRPA05,,6158 AMANA ST,,JACKSONVILLE,FL,32099,,,Professional,,6158 AMANA ST,,JACKSONVILLE,FL,,2026-05-01,,,,,,,,,,,,,,,,,,,
RADD,4,RADD Radiology Location 4,RADD04,1132779314,9145 PARK PL,,MACON,GA,31201,(678)802-3118,,Global,,,,MACON,GA,,2026-05-01,6788023118,,,,,,,,,,,,,,,,,,
MRB,7,MRB Radiology Location 7,MRB07,1488526395,3384 OAK CT,,MOUNT JULIET,TN,37122,(865)622-6611,,Facility,,,,,TN,,2026-05-01,8656226611,,,,,,,,,,,,,,,,,,
ACR,7,ACR Radiology Location 7,ACR07,,1215 PARK ST,,CLEVELAND,OH,44101,(937)887-7441,,Global,,,,CLEVELAND,OH,44101,2026-05-01,9378877441,,,,,,,,,,,,,,,,,,
RADR,7,RADR Radiology Location 7,RADR07,1379719325,149 ELM ST,,LEBANON,TN,37087,,,Outpatient,,149 ELM ST,,,TN,,2026-05-01,,,,,,,,,,,,,,,,,,,
RADK,8,RADK Radiology Location 8,RADK08,1461265711,8266 SUNSET DR,,ATHENS,GA,30601,,,Professional,,,,ATHENS,,,2026-05-01,,,,,,,,,,,,,,,,,,,
RADR,8,RADR Radiology Location 8,RADR08,,4155 SUNSET ST,,NASHVILLE,TN,37201,(423)255-3185,,Facility,,4155 SUNSET ST,,NASHVILLE,,,2026-05-01,4232553185,,,,,,,,,,,,,,,,,,
RADM,2,RADM Radiology Location 2,RADM02,1539529482,2325 OAK AVE,,SAN ANTONIO,TX,78201,,,Professional,,2325 OAK AVE,,SAN ANTONIO,TX,,2026-05-01,,,,,,,,,,,,,,,,,,,
RADQ,5,RADQ Radiology Location 5,RADQ05,,569 PINE DR,,SPARKS,NV,89431,(702)377-1234,(702)356-3356,Global,,,,SPARKS,,89431,2026-05-01,7023771234,7023563356,,,,,,,,,,,,,,,,,
ACR,8,ACR Radiology Location 8,ACR08,1656448717,3087 RIVER AVE,,TOLEDO,OH,43601,,,Professional,,,,,,,2026-05-01,,,,,,,,,,,,,,,,,,,
RADE,7,RADE Radiology Location 7,RADE07,1733048305,6865 MAPLE AVE,,JACKSONVILLE,FL,32099,,(561)631-8334,Professional,,6865 MAPLE AVE,,,FL,,2026-05-01,,5616318334,,,,,,,,,,,,,,,,,
MRB,8,MRB Radiology Location 8,MRB08,1063663589,259 ELM RD,APT 87,NASHVILLE,TN,37201,(423)711-5954,,Facility,,259 ELM RD,,,,,2026-05-01,4237115954,,,,,,,,,,,,,,,,,,
RADY,6,RADY Radiology Location 6,RADY06,,3383 MAIN DR,,AKRON,OH,44301,(937)296-3417,,Global,,,,,,44301,2026-05-01,9372963417,,,,,,,,,,,,,,,,,,
RADT,3,RADT Radiology Location 3,RADT03,1477997295,3042 SPRING WAY,,AKRON,OH,44301,,(330)790-4972,Professional,428210,,,,,,2026-05-01,,3307904972,,,,,,,,,,,,,,,,,
RADU,14,RADU Radiology Location 14,RADU14,,897 SPRING CT,,MIAMI,FL,33101,,,Global,,,,MIAMI,,,2026-05-01,,,,,,,,,,,,,,,,,,,
RADC,5,RADC Radiology Location 5,RADC05,1525001675,9323 PARK CT,APT 406,DAYTON,OH,45401,,,Professional,,,,DAYTON,OH,45401,2026-05-01,,,,,,,,,,,,,,,,,,,
RADG,3,RADG Radiology Location 3,RADG03,,1549 SCHOOL CT,,KNOXVILLE,TN,37902,,,Global,,,,KNOXVILLE,TN,,2026-05-01,,,,,,,,,,,,,,,,,,,
ACR,9,ACR Radiology Location 9,ACR09,1112123163,6515 CEDAR LN,,CLEVELAND,OH,44101,,,Outpatient,,,,CLEVELAND,OH,44101,2026-05-01,,,,,,,,,,,,,,,,,,,
MRB,9,MRB Radiology Location 9,MRB09,,7887 ELM ST,,NASHVILLE,TN,37201,(901)841-5253,,Outpatient,,,,,TN,,2026-05-01,9018415253,,,,,,,,,,,,,,,,,,
RADM,3,RADM Radiology Location 3,RADM03,1079316899,3156 ELM RD,,HOUSTON,TX,77001,,,Professional,,3156 ELM RD,,,TX,77001,2026-05-01,,,,,,,,,,,,,,,,,,,
ESR,6,ESR Radiology Location 6,ESR06,1179587148,1815 SUNSET WAY,,FORT LAUDERDALE,FL,33301,,,Professional,,,,,,33301,2026-05-01,,,,,,,,,,,,,,,,,,,
PMR,4,PMR Radiology Location 4,PMR04,,6321 MAPLE LN,,NASHVILLE,TN,37201,(423)782-9862,,Professional,,,,,,37201,2026-05-01,4237829862,,,,,,,,,,,,,,,,,,
RADC,6,RADC Radiology Location 6,RADC06,,4803 ELM LN,APT 128,COLUMBUS,OH,43201,,,Global,825324,4803 ELM LN,,COLUMBUS,,,2026-05-01,,,,,,,,,,,,,,,,,,,
RADS2,8,RADS2 Radiology Location 8,RADS208,,2005 CHURCH PL,,HOUSTON,TX,77001,,,Global,,,,HOUSTON,,,2026-05-01,,,,,,,,,,,,,,,,,,,
SAPA,6,SAPA Radiology Location 6,SAPA06,,767 SPRING LN,,DALLAS,TX,75201,,,Facility,,,,DALLAS,,,2026-05-01,,,,,,,,,,,,,,,,,,,
SMED,1,SMED Radiology Location 1,SMED01,1882513975,7016 HILL LN,,FORT WORTH,TX,76101,,,Professional,,,,,TX,,2026-05-01,,,,,,,,,,,,,,,,,,,
RADB,7,RADB Radiology Location 7,RADB07,1346214454,6810 MAPLE WAY,,DALLAS,TX,75201,,,Global,,,,DALLAS,,75201,2026-05-01,,,,,,,,,,,,,,,,,,,
RADD,5,RADD Radiology Location 5,RADD05,,219 MAPLE BLVD,,MACON,GA,31201,,(912)932-3174,Professional,698641,,,MACON,GA,31201,2026-05-01,,9129323174,,,,,,,,,,,,,,,,,
RADB,8,RADB Radiology Location 8,RADB08,1240621938,5272 LAKE ST,,DALLAS,TX,75201,,,Facility,,5272 LAKE ST,,DALLAS,,75201,2026-05-01,,,,,,,,,,,,,,,,,,,
RADS,3,RADS Radiology Location 3,RADS03,1368983769,5281 HILL CIR,,MOUNT JULIET,TN,37122,,,Global,,,,,,37122,2026-05-01,,,,,,,,,,,,,,,,,,,
ACRB,7,ACRB Radiology Location 7,ACRB07,,7888 RIVER DR,,CLEVELAND,OH,44101,(937)287-7815,,Professional,,7888 RIVER DR,,CLEVELAND,OH,44101,2026-05-01,9372877815,,,,,,,,,,,,,,,,,,
WRAD,5,WRAD Radiology Location 5,WRAD05,1990203233,9022 SPRING LN,,HENDERSON,NV,89002,,,Global,,,,,NV,,2026-05-01,,,,,,,,,,,,,,,,,,,
SAPA,7,SAPA Radiology Location 7,SAPA07,1821640733,6822 RIVER CT,,PLANO,TX,75023,,,Outpatient,603317,6822 RIVER CT,,,TX,,2026-05-01,,,,,,,,,,,,,,,,,,,
RADX,4,RADX Radiology Location 4,RADX04,1751323774,7915 CEDAR DR,,FORT WORTH,TX,76101,,,Outpatient,,7915 CEDAR DR,,,TX,,2026-05-01,,,,,,,,,,,,,,,,,,,
RADE,8,RADE Radiology Location 8,RADE08,,8085 SCHOOL LN,APT 454,ORLANDO,FL,32801,(904)264-9516,,Global,,8085 SCHOOL LN,,,,32801,2026-05-01,9042649516,,,,,,,,,,,,,,,,,,
RADN,4,RADN Radiology Location 4,RADN04,,9926 MAIN CIR,,DAYTON,OH,45401,(419)853-0855,,Professional,,9926 MAIN CIR,,,OH,45401,2026-05-01,4198530855,,,,,,,,,,,,,,,,,,
PMR,5,PMR Radiology Location 5,PMR05,,5713 CHURCH LN,,KNOXVILLE,TN,37902,(865)682-1360,(865)765-8136,Outpatient,,5713 CHURCH LN,,,TN,37902,2026-05-01,8656821360,8657658136,,,,,,,,,,,,,,,,,
RADA,6,RADA Radiology Location 6,RADA06,1380940347,5255 SUNSET PL,,KNOXVILLE,TN,37902,,,Global,,,,,,37902,2026-05-01,,,,,,,,,,,,,,,,,,,
RADS,4,RADS Radiology Location 4,RADS04,,3051 CHURCH WAY,,FRANKLIN,TN,37064,(901)442-8660,,Facility,,,,,TN,,2026-05-01,9014428660,,,,,,,,,,,,,,,,,,
GRH,5,GRH Radiology Location 5,GRH05,1344037167,8533 LAKE PL,,SAVANNAH,GA,31401,(678)433-9741,,Facility,,8533 LAKE PL,,,GA,,2026-05-01,6784339741,,,,,,,,,,,,,,,,,,
ACR,10,ACR Radiology Location 10,ACR10,1482907831,9735 ELM PL,,COLUMBUS,OH,43201,(216)445-4192,,Professional,,,,COLUMBUS,,43201,2026-05-01,2164454192,,,,,,,,,,,,,,,,,,
NRAA,6,NRAA Radiology Location 6,NRAA06,1401698774,829 MAIN CT,,KNOXVILLE,TN,37902,(901)932-1106,,Professional,,829 MAIN CT,,,TN,,2026-05-01,9019321106,,,,,,,,,,,,,,,,,,
NRA,3,NRA Radiology Location 3,NRA03,1882847502,539 HILL CIR,,MOUNT JULIET,TN,37122,,,Professional,494484,,,,,,2026-05-01,,,,,,,,,,,,,,,,,,,
NRA,4,NRA Radiology Location 4,NRA04,1615024381,2334 CEDAR WAY,,KNOXVILLE,TN,37902,(931)682-0453,,Professional,556035,,,,TN,37902,2026-05-01,9316820453,,,,,,,,,,,,,,,,,,
RADE,9,RADE Radiology Location 9,RADE09,1143089850,3478 PARK CT,,ST PETE,FL,33701,,(407)613-5035,Professional,,3478 PARK CT,,,FL,33701,2026-05-01,,4076135035,,,,,,,,,,,,,,,,,
RADD,6,RADD Radiology Location 6,RADD06,,6487 ELM CT,,ATLANTA,GA,30301,(770)241-4440,,Professional,,,,,,,2026-05-01,7702414440,,,,,,,,,,,,,,,,,,
RADK,9,RADK Radiology Location 9,RADK09,1417052882,3244 AMANA DR,,COLUMBUS,GA,31901,,(912)245-8325,Facility,,,,,,,2026-05-01,,9122458325,,,,,,,,,,,,,,,,,
MRB,10,MRB Radiology Location 10,MRB10,,5800 AMANA BLVD,,MOUNT JULIET,TN,37122,(901)827-3291,,Global,,5800 AMANA BLVD,,,,,2026-05-01,9018273291,,,,,,,,,,,,,,,,,,
RADP,1,RADP Radiology Location 1,RADP01,1605935485,996 MAPLE CT,,ATLANTA,GA,30301,,,Global,,996 MAPLE CT,,,,,2026-05-01,,,,,,,,,,,,,,,,,,,
RADY,7,RADY Radiology Location 7,RADY07,1244062778,345 MAIN LN,,COLUMBUS,OH,43201,,,Professional,,345 MAIN LN,,COLUMBUS,OH,43201,2026-05-01,,,,,,,,,,,,,,,,,,,
RADH,7,RADH Radiology Location 7,RADH07,1410438097,5822 CHURCH PL,,PLANO,TX,75023,(817)670-6554,,Professional,,5822 CHURCH PL,,PLANO,TX,,2026-05-01,8176706554,,,,,,,,,,,,,,,,,,
RADX,5,RADX Radiology Location 5,RADX05,1906902417,5678 RIVER ST,APT 378,DALLAS,TX,75201,,(210)663-3224,Professional,,,,,,75201,2026-05-01,,2106633224,,,,,,,,,,,,,,,,,
RADM,4,RADM Radiology Location 4,RADM04,1250171052,5155 MAIN DR,,DALLAS,TX,75201,,,Professional,,,,,,,2026-05-01,,,,,,,,,,,,,,,,,,,
RASFA,5,RASFA Radiology Location 5,RASFA05,,225 AMANA AVE,APT 83,AUSTIN,TX,78701,,,Global,,225 AMANA AVE,,AUSTIN,TX,78701,2026-05-01,,,,,,,,,,,,,,,,,,,
WRAD,6,WRAD Radiology Location 6,WRAD06,1491303532,6838 SUNSET PL,,RENO,NV,89501,(725)262-6071,(725)728-5762,Global,,,,RENO,NV,,2026-05-01,7252626071,7257285762,,,,,,,,,,,,,,,,,
ESR,7,ESR Radiology Location 7,ESR07,,9271 CEDAR WAY,,FORT LAUDERDALE,FL,33301,,,Global,,,,,,,2026-05-01,,,,,,,,,,,,,,,,,,,
PMR,6,PMR Radiology Location 6,PMR06,,859 ELM RD,,FRANKLIN,TN,37064,(423)732-8795,(423)404-5131,Global,,,,,,,2026-05-01,4237328795,4234045131,,,,,,,,,,,,,,,,,
RADM,5,RADM Radiology Location 5,RADM05,1417290388,879 ELM ST,,FORT WORTH,TX,76101,(210)645-9739,,Professional,,879 ELM ST,,FORT WORTH,,76101,2026-05-01,2106459739,,,,,,,,,,,,,,,,,,
PMR,7,PMR Radiology Location 7,PMR07,,7864 LAKE RD,,MURFREESBORO,TN,37128,,,Professional,,7864 LAKE RD,,MURFREESBORO,TN,,2026-05-01,,,,,,,,,,,,,,,,,,,
RADH,8,RADH Radiology Location 8,RADH08,,3803 RIVER WAY,,FORT WORTH,TX,76101,,,Professional,,3803 RIVER WAY,,,TX,,2026-05-01,,,,,,,,,,,,,,,,,,,
RADI,4,RADI Radiology Location 4,RADI04,,257 HILL PL,,ATLANTA,GA,30301,,,Professional,,,,,,,2026-05-01,,,,,,,,,,,,,,,,,,,
RADS2,9,RADS2 Radiology Location 9,RADS209,1143603561,5857 SPRING WAY,,AUSTIN,TX,78701,,,Facility,,5857 SPRING WAY,,,TX,78701,2026-05-01,,,,,,,,,,,,,,,,,,,
RADN,5,RADN Radiology Location 5,RADN05,1663315278,9295 LAKE AVE,,DAYTON,OH,45401,(330)618-5343,,Professional,,,,,OH,45401,2026-05-01,3306185343,,,,,,,,,,,,,,,,,,
GRH,6,GRH Radiology Location 6,GRH06,1812905346,5349 OAK BLVD,,ATLANTA,GA,30301,(912)637-6129,,Professional,,,,,,30301,2026-05-01,9126376129,,,,,,,,,,,,,,,,,,
WRAD,7,WRAD Radiology Location 7,WRAD07,,6637 CHURCH LN,,CARSON CITY,NV,89701,(775)252-1796,,Professional,,6637 CHURCH LN,,CARSON CITY,NV,,2026-05-01,7752521796,,,,,,,,,,,,,,,,,,
IAI,6,IAI Radiology Location 6,IAI06,,7061 MAIN WAY,,AUSTIN,TX,78701,,,Professional,,7061 MAIN WAY,,,TX,,2026-05-01,,,,,,,,,,,,,,,,,,,
RADF,8,RADF Radiology Location 8,RADF08,,7460 OAK PL,,CARSON CITY,NV,89701,(725)967-2210,,Professional,219395,,,,,,2026-05-01,7259672210,,,,,,,,,,,,,,,,,,
RADS2,10,RADS2 Radiology Location 10,RADS210,,1381 RIVER CIR,,DALLAS,TX,75201,,,Professional,,,,,,,2026-05-01,,,,,,,,,,,,,,,,,,,
RADY,8,RADY Radiology Location 8,RADY08,1371998131,9103 MAIN WAY,,COLUMBUS,OH,43201,,,Professional,,,,,OH,43201,2026-05-01,,,,,,,,,,,,,,,,,,,
RADP,2,RADP Radiology Location 2,RADP02,,9797 PARK LN,,COLUMBUS,GA,31901,,,Professional,,9797 PARK LN,,,GA,,2026-05-01,,,,,,,,,,,,,,,,,,,
RASFA,6,RASFA Radiology Location 6,RASFA06,,5429 PARK ST,,FORT WORTH,TX,76101,(713)428-9559,,Facility,,5429 PARK ST,,,,,2026-05-01,7134289559,,,,,,,,,,,,,,,,,,
NRA,5,NRA Radiology Location 5,NRA05,,3309 RIVER PL,,FRANKLIN,TN,37064,(423)921-8958,(423)548-4301,Global,686765,,,,TN,37064,2026-05-01,4239218958,4235484301,,,,,,,,,,,,,,,,,
RADM,6,RADM Radiology Location 6,RADM06,,1327 MAIN BLVD,,FORT WORTH,TX,76101,(972)916-2259,,Professional,,,,,,,2026-05-01,9729162259,,,,,,,,,,,,,,,,,,
RADS,5,RADS Radiology Location 5,RADS05,1490880216,921 RIVER LN,,LEBANON,TN,37087,(423)453-3774,,Outpatient,,921 RIVER LN,,LEBANON,,37087,2026-05-01,4234533774,,,,,,,,,,,,,,,,,,
RADO,8,RADO Radiology Location 8,RADO08,1816501728,2163 OAK ST,,FORT LAUDERDALE,FL,33301,,,Global,,,,,FL,33301,2026-05-01,,,,,,,,,,,,,,,,,,,
ACRB,8,ACRB Radiology Location 8,ACRB08,1274202401,1646 AMANA LN,,CINCINNATI,OH,45201,(614)447-7215,(614)437-9304,Global,,,,CINCINNATI,OH,,2026-05-01,6144477215,6144379304,,,,,,,,,,,,,,,,,
RADA,7,RADA Radiology Location 7,RADA07,1334100303,1598 PINE AVE,,FRANKLIN,TN,37064,(865)551-9015,,Global,365535,,,FRANKLIN,TN,37064,2026-05-01,8655519015,,,,,,,,,,,,,,,,,,
RADY,9,RADY Radiology Location 9,RADY09,1770810280,5233 ELM BLVD,,DAYTON,OH,45401,,,Facility,,5233 ELM BLVD,,DAYTON,OH,,2026-05-01,,,,,,,,,,,,,,,,,,,
RADK,10,RADK Radiology Location 10,RADK10,1560209850,4281 SPRING WAY,,ATLANTA,GA,30301,(706)710-3473,,Professional,,,,,GA,30301,2026-05-01,7067103473,,,,,,,,,,,,,,,,,,
RADJ,8,RADJ Radiology Location 8,RADJ08,,1803 CHURCH WAY,,TAMPA,FL,33601,,,Professional,,,,,FL,,2026-05-01,,,,,,,,,,,,,,,,,,,
SMED,2,SMED Radiology Location 2,SMED02,1036894361,4769 HILL CT,,SAN ANTONIO,TX,78201,,,Professional,,,,SAN ANTONIO,,,2026-05-01,,,,,,,,,,,,,,,,,,,
RADU,15,RADU Radiology Location 15,RADU15,1962014362,4100 CEDAR RD,,ST PETE,FL,33701,,,Global,996101,4100 CEDAR RD,,ST PETE,FL,,2026-05-01,,,,,,,,,,,,,,,,,,,
RADP,3,RADP Radiology Location 3,RADP03,,7023 CEDAR LN,APT 484,ATHENS,GA,30601,,,Professional,,7023 CEDAR LN,,,,,2026-05-01,,,,,,,,,,,,,,,,,,,
CRC,5,CRC Radiology Location 5,CRC05,,1064 AMANA WAY,,CLEVELAND,OH,44101,,,Global,,,,,,44101,2026-05-01,,,,,,,,,,,,,,,,,,,
RADM,7,RADM Radiology Location 7,RADM07,1085944621,2463 CEDAR DR,,AUSTIN,TX,78701,(214)470-4249,(214)256-9350,Global,,,,,,78701,2026-05-01,2144704249,2142569350,,,,,,,,,,,,,,,,,
RADI2,5,RADI2 Radiology Location 5,RADI205,1255780653,6071 AMANA ST,,CINCINNATI,OH,45201,(330)226-2057,,Professional,,6071 AMANA ST,,CINCINNATI,OH,45201,2026-05-01,3302262057,,,,,,,,,,,,,,,,,,
RADU,16,RADU Radiology Location 16,RADU16,,8297 MAPLE LN,,JACKSONVILLE,FL,32099,(954)449-1456,,Global,,,,JACKSONVILLE,FL,,2026-05-01,9544491456,,,,,,,,,,,,,,,,,,
SAPA,8,SAPA Radiology Location 8,SAPA08,1279009802,8442 MAIN RD,APT 233,PLANO,TX,75023,,,Global,,8442 MAIN RD,,PLANO,TX,75023,2026-05-01,,,,,,,,,,,,,,,,,,,
RADQ,6,RADQ Radiology Location 6,RADQ06,,4769 HILL ST,,NORTH LAS VEGAS,NV,89030,,,Professional,,,,NORTH LAS VEGAS,,89030,2026-05-01,,,,,,,,,,,,,,,,,,,
PMR,8,PMR Radiology Location 8,PMR08,1902643220,9342 MAPLE CIR,,LEBANON,TN,37087,,,Professional,,,,,TN,37087,2026-05-01,,,,,,,,,,,,,,,,,,,
RASFA,7,RASFA Radiology Location 7,RASFA07,,6911 SCHOOL LN,,DALLAS,TX,75201,,,Global,112851,,,DALLAS,,75201,2026-05-01,,,,,,,,,,,,,,,,,,,
RADE,10,RADE Radiology Location 10,RADE10,1755244004,2880 MAIN LN,APT 310,FORT LAUDERDALE,FL,33301,(813)924-9775,,Professional,,,,FORT LAUDERDALE,FL,33301,2026-05-01,8139249775,,,,,,,,,,,,,,,,,,
RADB,9,RADB Radiology Location 9,RADB09,1840251019,9420 OAK WAY,,PLANO,TX,75023,,,Professional,,,,PLANO,,75023,2026-05-01,,,,,,,,,,,,,,,,,,,
ESR,8,ESR Radiology Location 8,ESR08,1832319303,3499 SPRING CIR,,FORT LAUDERDALE,FL,33301,,,Professional,,3499 SPRING CIR,,,,33301,2026-05-01,,,,,,,,,,,,,,,,,,,
CIRPA,6,CIRPA Radiology Location 6,CIRPA06,1994508088,7131 PINE CT,,JACKSONVILLE,FL,32099,,,Global,,,,,,,2026-05-01,,,,,,,,,,,,,,,,,,,
RADS2,11,RADS2 Radiology Location 11,RADS211,1195241622,5945 PINE ST,,FORT WORTH,TX,76101,,,Professional,,5945 PINE ST,,,,76101,2026-05-01,,,,,,,,,,,,,,,,,,,
PMR,9,PMR Radiology Location 9,PMR09,1247710806,1556 PARK RD,,FRANKLIN,TN,37064,,,Professional,,1556 PARK RD,,FRANKLIN,TN,,2026-05-01,,,,,,,,,,,,,,,,,,,
RADD,7,RADD Radiology Location 7,RADD07,,2803 CHURCH LN,,MACON,GA,31201,(478)805-0189,,Professional,,,,MACON,GA,,2026-05-01,4788050189,,,,,,,,,,,,,,,,,,
GSIA,5,GSIA Radiology Location 5,GSIA05,,2970 MAIN WAY,,SAN ANTONIO,TX,78201,,,Professional,,,,,,78201,2026-05-01,,,,,,,,,,,,,,,,,,,
